toolset,tool,scenario_id,reference_args,task_description,category
admixture,admixture,admixture_01,genotypes.bed 5 --cv,Estimate ancestry proportions with K=5 ancestral populations using default 5-fold cross-validation,population-genomics
admixture,admixture,admixture_02,genotypes.bed 4 --seed=42 --cv=10,Run ADMIXTURE for K=4 with a fixed random seed for reproducible initialization and 10-fold cross-validation,population-genomics
admixture,admixture,admixture_03,genotypes.bed 3 --supervised,Run supervised ADMIXTURE with K=3 using known population labels to train ancestry proportions and infer unlabeled individuals,population-genomics
admixture,admixture,admixture_04,genotypes.bed 5 -B100,Estimate standard errors of ancestry proportions and allele frequencies with 100 bootstrap replicates,population-genomics
admixture,admixture,admixture_05,genotypes.bed 5 --method=em --cv=10,Use the EM algorithm instead of default block relaxation when the latter fails to converge for K=5,population-genomics
admixture,admixture,admixture_06,genotypes.bed 5 --acceleration=qn5 --cv=10,Accelerate convergence with quasi-Newton acceleration using lookahead 5 and cross-validation for K=5,population-genomics
admixture,admixture,admixture_07,genotypes.bed 5 -P,Project new individuals onto fixed allele frequency estimates from a previous ADMIXTURE run without re-estimating the P-matrix,population-genomics
admixture,admixture,admixture_08,genotypes.bed 5 -C=0.00001 --cv=10,Tighten the major convergence criterion to 1e-5 for high-precision ancestry estimation at K=5,population-genomics
admixture,admixture,admixture_09,genotypes.bed 5 --maf=0.05 --cv=10,Filter SNPs with minor allele frequency below 5 percent at runtime before ancestry estimation at K=5,population-genomics
admixture,admixture,admixture_10,genotypes.bed 6 --cv=10 -j8,Run ADMIXTURE for K=6 with 10-fold cross-validation using 8 threads to compare CV error across values of K,population-genomics
agat,agat_convert_sp_gff2gtf,agat_01,--gff genes.gff3 -o genes.gtf,Convert gene annotation from GFF3 to GTF format for use with splice-aware aligners,annotation
agat,agat_sp_statistics,agat_02,--gff genes.gff3 -o stats_report.txt,Generate comprehensive annotation statistics including gene count mRNA count exon count and intron size distribution,annotation
agat,agat_sp_filter_gene_by_length,agat_03,"--gff genes.gff3 --size 300 --test "">="" -o genes_min300bp.gff3",Keep only genes whose concatenated exon length is at least 300 base pairs,annotation
agat,agat_convert_sp_gxf2gxf,agat_04,--gff draft.gff3 -o fixed.gff3,Repair a malformed GFF3 file by removing duplicates fixing IDs adding missing Parent attributes and sorting features,annotation
agat,agat_sp_extract_sequences,agat_05,--gff genes.gff3 -f ref.fa -t cds -o cds.fa,Extract coding sequence FASTA from a genome using GFF3 gene annotations,annotation
agat,agat_sp_keep_longest_isoform,agat_06,--gff genes.gff3 -o primary_isoforms.gff3,Reduce annotation to the single longest isoform per gene locus,annotation
agat,agat_sp_merge_annotations,agat_07,--gff set1.gff3 --gff set2.gff3 -o merged.gff3,Merge two GFF3 annotation sets into one non-redundant file resolving duplicated features and IDs,annotation
agat,agat_sp_manage_IDs,agat_08,--gff genes.gff3 --prefix LOC -o renamed.gff3,Standardize feature identifiers by assigning a uniform prefix to all gene and transcript IDs,annotation
agat,agat_convert_sp_gff2bed,agat_09,--gff genes.gff3 -o genes.bed,Convert gene annotation from GFF3 1-based closed coordinates to BED 0-based half-open format with automatic coordinate adjustment,annotation
agat,agat,agat_10,agat config --expose,Generate an editable AGAT configuration YAML file in the current working directory to customize output format and parser behavior,annotation
angsd,angsd,angsd_01,-bam mapping.txt -GL 1 -doGlf 2 -doMaf 1 -doMajorMinor 1 -SNP_pval 1e-6 -out output,compute genotype likelihoods and allele frequencies for a set of BAMs (mapping.txt),population-genomics
angsd,angsd,angsd_02,-bam filtered.txt -GL 1 -doSaf 1 -anc sorted.fasta -out pop1,"\""compute per-site allele frequency spectrum for a single population (filtered.txt"," sorted.fasta)\""",population-genomics
angsd,angsd,angsd_03,realSFS sorted.saf.idx,estimate 1D site frequency spectrum from doSaf output (sorted.saf.idx),population-genomics
angsd,angsd,angsd_04,-bam results.txt -GL 1 -doSaf 1 -doThetas 1 -pest results.sfs -anc analysis.fasta -out pop1_thetas,"\""estimate Watterson's theta and Tajima's D in sliding windows (results.txt", results.sfs," analysis.fasta)\""",population-genomics
angsd,angsd,angsd_05,realSFS analysis.saf.idx merged.saf.idx && realSFS fst index analysis.saf.idx merged.saf.idx -sfs annotated.2dsfs -fstout pop1_pop2,"\""compute Fst between two populations using 2D SFS (analysis.saf.idx", merged.saf.idx," annotated.2dsfs)\""",population-genomics
angsd,angsd,angsd_06,-bam counts.txt -GL 1 -doGeno 4 -doMaf 1 -doMajorMinor 1 -doPost 1 -out genotypes,call genotypes with posterior probabilities (counts.txt),population-genomics
angsd,angsd,angsd_07,-bam filtered.txt -GL 1 -doAbbababa 1 -anc reference.fasta -rmTrans 1 -blockSize 5000000 -out dstat,"\""perform ABBA-BABA D-statistics test for introgression (filtered.txt"," reference.fasta)\""",population-genomics
angsd,angsd,angsd_08,-bam reference.txt -GL 1 -doAsso 2 -doMaf 1 -doMajorMinor 1 -y assembly.txt -out association,"\""run association study using Score Test (reference.txt"," assembly.txt)\""",population-genomics
angsd,angsd,angsd_09,-i counts.bam -GL 1 -doFasta 2 -doCounts 1 -out consensus,generate consensus FASTA from BAM alignment (counts.bam),population-genomics
angsd,angsd,angsd_10,-bam sorted.txt -GL 1 -doGlf 2 -doMajorMinor 1 -doMaf 1 -SNP_pval 1e-6 -out admix_input,compute genotype likelihoods for NGSadmix admixture analysis (sorted.txt),population-genomics
arriba,arriba,arriba_02,-x ALL_patient1.Aligned.sortedByCoord.out.bam -g gencode.v44.annotation.gtf -a GRCh38.p14.genome.fa -b blacklist_hg38_GRCh38_2020-02.tsv.gz -k known_fusions_hg38_GRCh38_2020-02.tsv.gz -o ALL_patient1_fusions.tsv -O ALL_patient1_fusions_discarded.tsv -s no,Identify gene fusions in unstranded paired-end RNA-seq of a pediatric B-cell acute lymphoblastic leukemia patient applying the artefact blacklist and boosting sensitivity for recurrent fusions such as ETV6-RUNX1 (human hg38),rna-seq
arriba,arriba,arriba_03,-x prostate_tumor.Aligned.sortedByCoord.out.bam -g gencode.v44.annotation.gtf -a GRCh38.p14.genome.fa -k known_fusions_hg38_GRCh38_2020-02.tsv.gz -o prostate_tumor_fusions.tsv -O prostate_tumor_fusions_discarded.tsv -s yes,Search for TMPRSS2-ERG and other recurrent fusions in paired-end RNA-seq of a prostate adenocarcinoma tumor using the known-fusion list to increase sensitivity (human hg38),rna-seq
arriba,arriba,arriba_04,-x sarcoma_tumor.Aligned.sortedByCoord.out.bam -g gencode.v44.annotation.gtf -a GRCh38.p14.genome.fa -d wgs_breakpoints.tsv -D 100000 -o sarcoma_tumor_fusions.tsv -O sarcoma_tumor_fusions_discarded.tsv -s no,Detect gene fusions in RNA-seq of a soft-tissue sarcoma integrating whole-genome sequencing breakpoints within 100 kb to confirm weakly expressed fusions and eliminate low-evidence calls (human hg38),rna-seq
arriba,arriba,arriba_05,-x ovarian_tumor.Aligned.sortedByCoord.out.bam -g gencode.v44.annotation.gtf -a GRCh38.p14.genome.fa -p protein_domains_hg38_GRCh38_2020-02.gff3.gz -o ovarian_tumor_fusions.tsv -O ovarian_tumor_fusions_discarded.tsv -s auto,Call gene fusions in paired-end RNA-seq of a high-grade serous ovarian carcinoma and annotate retained protein domains to assess functional consequences of fusion breakpoints (human hg38),rna-seq
arriba,arriba,arriba_06,-x glioma_tumor.Aligned.sortedByCoord.out.bam -g gencode.v44.annotation.gtf -a GRCh38.p14.genome.fa -o glioma_fusions.tsv -O glioma_fusions_discarded.tsv -s reverse -E 0.01 -S 5,Run high-stringency fusion calling on strand-specific RNA-seq of a glioblastoma sample requiring at least 5 supporting reads and an E-value below 0.01 for clinically confident calls (human hg38),rna-seq
arriba,arriba,arriba_07,-x erythroleukemia_single.Aligned.sortedByCoord.out.bam -g gencode.v44.annotation.gtf -a GRCh38.p14.genome.fa -F 200 -o erythroleukemia_fusions.tsv -O erythroleukemia_fusions_discarded.tsv -s no,Detect fusions in single-end RNA-seq of an erythroleukemia cell line providing a mean fragment length of 200 bp for hairpin-artefact filtering since insert size cannot be estimated (human hg38),rna-seq
arriba,arriba,arriba_08,-x lung_tumor.Aligned.sortedByCoord.out.bam -g gencode.v44.annotation.gtf -a GRCh38.p14.genome.fa -t actionable_fusion_tags.tsv -o lung_tumor_fusions.tsv -O lung_tumor_fusions_discarded.tsv -s reverse,Detect fusions in strand-specific RNA-seq of a lung tumor and tag known druggable fusion pairs such as ALK ROS1 and RET from a custom tags file for treatment decisions (human hg38),rna-seq
augustus,augustus,augustus_01,--species=human GRCh38.chr21.fa --gff3=on --outfile=chr21_augustus_genes.gff3,"\""Predict protein-coding genes on human chromosome 21 with AUGUSTUS using the human species profile"," output in GFF3\""",annotation
augustus,augustus,augustus_02,--species=arabidopsis --hintsfile=variants.gff --extrinsicCfgFile=sample.cfg reads.fasta --gff3=on,"\""predict genes with RNA-seq hints for improved accuracy (variants.gff", sample.cfg," reads.fasta)\""",annotation
augustus,augustus,augustus_03,--species=human GRCh38.chr21.fa --hintsfile=rnaseq_hints.gff --extrinsicCfgFile=extrinsic.M.RM.E.W.P.cfg --gff3=on --outfile=chr21_hinted_genes.gff3,"\""Predict genes on chromosome 21 guided by RNA-seq intron and splice-site hints using the standard RNA-seq extrinsic config\""",annotation
augustus,augustus,augustus_04,--species=fly --gff3=on --protein=on --codingseq=on assembly.fasta,predict genes and output protein sequences (assembly.fasta),annotation
augustus,augustus,augustus_05,--species=zebrafish --genemodel=complete --strand=forward --gff3=on annotated.fasta,predict only complete genes on the forward strand (annotated.fasta),annotation
augustus,augustus,augustus_06,--species=human GRCh38.chr21_softmasked.fa --softmasking=1 --gff3=on --outfile=chr21_masked_genes.gff3,"\""Run AUGUSTUS on the repeat-soft-masked chromosome 21 so predictions are restricted to non-repetitive regions\""",annotation
augustus,augustus,augustus_07,--species=S_cerevisiae S288C_genome.fa --genemodel=intronless --gff3=on --outfile=S288C_intronless_genes.gff3,"\""Predict single-exon genes in the Saccharomyces cerevisiae S288C genome using the intronless gene model\""",annotation
augustus,augustus,augustus_08,--species=human --predictionStart=100000 --predictionEnd=500000 sample.fasta --gff3=on,predict genes on a specific region of a chromosome (sample.fasta),annotation
augustus,augustus,augustus_09,--species=human --proteinprofile=kinase.profile --gff3=on reference.fasta,predict genes using protein profile for a specific gene family (reference.fasta),annotation
augustus,augustus,augustus_10,--species=human counts.fasta --gff3=on --outfile=aligned.gff3,"\""In my analysis", I need to predict genes in a eukaryotic genome using human parameters (counts.fasta," aligned.gff3)\""",annotation
awk,awk,awk_01,"-F '	' '{n[$3]++} END{for (c in n) print c, n[c]}' NA12878.sam",Count reads per reference chromosome from the NA12878 SAM file,system-tools
awk,awk,awk_02,-F '	' '{if ($5 >= 60) high++} END{print high}' NA12878.sam,Count NA12878 SAM records with mapping quality at least 60,system-tools
awk,awk,awk_03,"-F '	' '{if ($7 == ""PASS"") print $1"":""$2, $4"">""$5}' NA12878.vcf",Extract chromosome:position and REF>ALT allele pairs of PASS variants from the NA12878 VCF,system-tools
awk,awk,awk_04,"-F '	' 'BEGIN{OFS=""	""} {print $1, $2-1, $3}' NA12878.vcf",Convert NA12878 VCF records to 0-based BED intervals,system-tools
awk,awk,awk_05,"'/^>/ {if (NR>1) print name, len; name=substr($0,2); len=0; next} {len += length($0)} END{print name, len}' GRCh38.fa",Compute the sequence length of every contig in the GRCh38 FASTA file,system-tools
awk,awk,awk_06,-v minq=60 -F '	' '$5 >= minq {print $1}' NA12878.sam,Print read names of NA12878 reads with MAPQ >= 60 using a command-line variable,system-tools
bakta,bakta,bakta_01,--db /databases/bakta_db --output ecoli_bakta_out --prefix E_coli_K12 --genus Escherichia --species coli --strain MG1655 --complete --threads 8 E_coli_K12_MG1655.fna,Annotate the complete E. coli K-12 MG1655 genome with Bakta declaring all sequences complete replicons for accurate circular genome annotation,functional-annotation
bakta,bakta,bakta_02,--db /databases/bakta_db --output gut_mag_bakta --prefix gut_MAG1 --meta --min-contig-length 200 --threads 16 gut_MAG1.fna,Annotate a fragmented bacterial MAG from a gut metagenome in metagenome mode with a 200 bp contig cutoff,functional-annotation
bakta,bakta,bakta_03,--db /databases/bakta_db --output vcholerae_bakta --prefix V_cholerae --genus Vibrio --species cholerae --proteins curated_Vibrio.faa --threads 8 V_cholerae_O1.fna,Annotate a Vibrio cholerae genome using trusted curated protein sequences for higher-confidence CDS functional annotation,functional-annotation
bakta,bakta,bakta_04,--db /databases/bakta_db --output strep_bakta --prefix S_pneumoniae --genus Streptococcus --species pneumoniae --hmms custom_pneumo.hmm --threads 8 S_pneumoniae.fna,Annotate Streptococcus pneumoniae with custom trusted HMM profiles for species-specific protein family annotation,functional-annotation
bakta,bakta,bakta_05,--db /databases/bakta_db --output ecoli_plasmid_bakta --prefix pUC57 --genus Escherichia --species coli --plasmid pUC57 --threads 8 pUC57.fna,Annotate the pUC57 cloning plasmid sequence as a plasmid replicon for vector feature annotation,functional-annotation
bakta,bakta,bakta_06,--db /databases/bakta_db --output ecoli_compliant --prefix E_coli_K12 --genus Escherichia --species coli --compliant --locus-tag ECK --threads 8 E_coli_K12_MG1655.fna,Annotate E. coli K-12 with INSDC-compliant output using ECK locus tags and compliant contig thresholds for GenBank submission,functional-annotation
bakta,bakta,bakta_07,--db /databases/bakta_db --output ocean_mag_bakta --prefix ocean_MAG --meta --skip-ncrna --skip-plot --threads 16 ocean_MAG.fna,Rapidly annotate an ocean metagenome MAG skipping ncRNA detection and circular plots to speed up large-scale MAG processing,functional-annotation
bamtools,bamtools,bamtools_01,filter -in HG002.sorted.bam -out HG002.mapped.bam -isMapped true,Keep only mapped reads of HG002 for downstream variant calling,alignment
bamtools,bamtools,bamtools_02,"filter -in HG002.sorted.bam -out HG002.highq.bam -isProperPair true -mapQuality "">=30""",Keep properly paired HG002 reads with mapping quality of at least 30,alignment
bamtools,bamtools,bamtools_03,merge -in NA12878_L1.bam -in NA12878_L2.bam -out NA12878.merged.bam,Merge two NA12878 lane BAM files into a single BAM file,alignment
bamtools,bamtools,bamtools_04,sort -in NA12878.unsorted.bam -out NA12878.sorted.bam,Sort the NA12878 BAM by coordinate,alignment
bamtools,bamtools,bamtools_05,index -in NA12878.sorted.bam,Create a standard BAI index for the NA12878 coordinate-sorted BAM,alignment
bamtools,bamtools,bamtools_06,stats -in NA12878.sorted.bam -insert,Print alignment statistics for NA12878 including insert size summary data,alignment
bamtools,bamtools,bamtools_07,count -in NA12878.sorted.bam -region chr1:100000-200000,Count alignments of NA12878 overlapping the chr1:100000-200000 region,alignment
bash,bash,bash_01,"-c 'set -euo pipefail; for bam in *.bam; do samtools flagstat ""$bam"" > ""${bam%.bam}.flagstat""; done'","Run flagstat on every BAM in the directory in strict mode, exiting on the first error or unset variable",system-tools
bash,bash,bash_02,-c 'source /opt/conda/etc/profile.d/conda.sh && conda activate bio && snakemake -j 8',"Source the conda environment script, activate the bio environment and launch a snakemake workflow",system-tools
bash,bash,bash_03,"-c 'trap ""echo pipeline failed >&2; exit 1"" ERR; set -e; cut -f1-5 NA12878.vcf > NA12878.head.vcf'","Install an ERR trap that reports failures and exits, then extract the first five VCF columns of NA12878",system-tools
bash,bash,bash_04,"-c 'bwa mem GRCh38.fa NA12878_R1.fastq.gz NA12878_R2.fastq.gz > NA12878.sam & pid=$!; echo $pid > bwa.pid; wait $pid; echo ""bwa exit: $?""'","Launch BWA MEM alignment in the background, record the job PID, and wait for completion while reporting the exit status",system-tools
bash,bash,bash_05,"-c 'diff <(cut -f1,2 NA12878.sites.vcf) <(cut -f1,2 HG002.sites.vcf)'",Compare the chromosome-position columns of two VCFs using process substitution without creating temporary files,system-tools
bash,bash,bash_06,"-c 'while read -r bam; do [ -s ""$bam"" ] && echo ""$bam OK"" || echo ""$bam MISSING""; done < bam_list.txt'","Check every BAM listed in bam_list.txt for existence and non-zero size, reporting missing files",system-tools
bbtools,bbtools,bbtools_01,"\""bbduk.sh in=HG002_R1.fastq.gz in2=HG002_R2.fastq.gz out=HG002_R1.clean.fastq.gz out2=HG002_R2.clean.fastq.gz ref=adapters.fa ktrim=r k=23 mink=11 hdist=1 tpe tbo qtrim=rl trimq=20 minlength=36 threads=8\""","\""Trim Illumina adapters by right-side kmer trimming and quality-trim both ends to Q20 for paired-end WGS reads", trimming pairs evenly and by overlap (HG002_R1.fastq.gz, HG002_R2.fastq.gz, HG002_R1.clean.fastq.gz, HG002_R2.clean.fastq.gz," adapters.fa)\""",preprocessing
bbtools,bbtools,bbtools_02,"\""bbduk.sh in=reads.fastq.gz out=reads.clean.fastq.gz outm=reads_phix.fastq.gz ref=phix k=31 hdist=1 threads=8\""","\""Remove PhiX control contamination by binning matching reads into a separate file using the built-in phix reference and a kmer length of 31 with 1 mismatch (reads.fastq.gz", reads.clean.fastq.gz," reads_phix.fastq.gz)\""",preprocessing
bbtools,bbtools,bbtools_03,"\""bbduk.sh in=reads.fastq.gz out=reads.qc.fastq.gz qtrim=rl trimq=15 minlength=50 maq=10 maxns=2 threads=8\""","\""Quality-trim both read ends to Q15", discarding reads shorter than 50 bp, with mean quality below Q10, or containing more than 2 Ns (reads.fastq.gz," reads.qc.fastq.gz)\""",preprocessing
bbtools,bbtools,bbtools_04,"\""bbmap.sh ref=GRCh38.fa in=HG002_R1.fastq.gz in2=HG002_R2.fastq.gz out=HG002.sam threads=16\""","\""Align paired-end WGS reads to the GRCh38 reference genome with bbmap.sh", writing SAM output (GRCh38.fa, HG002_R1.fastq.gz, HG002_R2.fastq.gz," HG002.sam)\""",sequence-utilities
bbtools,bbtools,bbtools_05,"\""bbmap.sh ref=GRCh38.fa in=reads.fastq.gz outm=reads.mapped.fastq.gz outu=reads.unmapped.fastq.gz minid=0.9 threads=16\""","\""Align reads to GRCh38 and separate mapped from unmapped reads", requiring at least 90% alignment identity (GRCh38.fa, reads.fastq.gz, reads.mapped.fastq.gz," reads.unmapped.fastq.gz)\""",sequence-utilities
bbtools,bbtools,bbtools_06,"\""bbmerge.sh in1=reads_R1.fastq.gz in2=reads_R2.fastq.gz out=merged.fastq.gz outu1=unmerged_R1.fastq.gz outu2=unmerged_R2.fastq.gz mininsert=15 threads=8\""","\""Merge overlapping paired-end reads by overlap detection with bbmerge.sh", writing unmerged mates to separate files (reads_R1.fastq.gz, reads_R2.fastq.gz, merged.fastq.gz, unmerged_R1.fastq.gz," unmerged_R2.fastq.gz)\""",preprocessing
bbtools,bbtools,bbtools_07,"\""bbsplit.sh ref=E_coli_K12.fa","GRCh38.fa in=reads.fastq.gz basename=out_%_#.fq threads=8\""","\""Bin reads by genome of origin (E. coli vs human) with bbsplit.sh", writing paired reads to per-reference twin files (E_coli_K12.fa, GRCh38.fa, reads.fastq.gz," out_%_#.fq)\""",sequence-utilities
bbtools,bbtools,bbtools_08,"\""reformat.sh in=reads.fastq.gz out=reads.fa overwrite=t\""","\""Convert a FASTQ file to FASTA format with reformat.sh", allowing existing files to be overwritten (reads.fastq.gz," reads.fa)\""",sequence-utilities
bbtools,bbtools,bbtools_09,dedupe.sh in=genome.fastq.gz out=genome.fastq.gz,remove duplicate reads with dedupe.sh (genome.fastq.gz),sequence-utilities
bbtools,bbtools,bbtools_10,bbsplit.sh in=report.fastq.gz ref=analysis.fa out_genome1=annotated.fastq.gz out_genome2=sorted.fastq.gz,"\""split reads by genome of origin with bbsplit.sh (report.fastq.gz", analysis.fa, annotated.fastq.gz," sorted.fastq.gz)\""",sequence-utilities
bcftools,bcftools,bcftools_01,mpileup -f assembly.fa -Ou variants.bam,"\""call variants from a BAM file against a reference genome (assembly.fa"," variants.bam)\""",variant-calling
bcftools,bcftools,bcftools_02,"\""view -i 'QUAL>30 && INFO/DP>10 && TYPE=\""\""snp\""\""' -O z -o sorted.vcf.gz aligned.vcf.gz\""","\""filter VCF to keep only high-quality SNPs (QUAL > 30", depth > 10) (sorted.vcf.gz," aligned.vcf.gz)\""",variant-calling
bcftools,bcftools,bcftools_03,merge -O z -o variants.vcf.gz reference.vcf.gz matrix.vcf.gz processed.vcf.gz,"\""merge multiple VCF files from different samples (variants.vcf.gz", reference.vcf.gz, matrix.vcf.gz," processed.vcf.gz)\""",variant-calling
bcftools,bcftools,bcftools_04,merge -O z -o NA12878_NA12891_NA12892_trio.vcf.gz NA12878.vcf.gz NA12891.vcf.gz NA12892.vcf.gz,Merge the per-sample VCFs of the CEPH trio into one multi-sample VCF,variant-calling
bcftools,bcftools,bcftools_05,norm -m -any -f assembly.fa -O z -o reference.vcf.gz results.vcf.gz,"\""normalize indels and split multi-allelic variants (assembly.fa", reference.vcf.gz," results.vcf.gz)\""",variant-calling
bcftools,bcftools,bcftools_06,annotate -a dbsnp_151_GRCh38.vcf.gz -c ID -O z -o NA12878_rsid_annotated.vcf.gz NA12878_leftaligned.vcf.gz,Annotate the ID column of the normalized VCF with dbSNP rsIDs,variant-calling
bcftools,bcftools,bcftools_07,query -f '%CHROM\	%POS\	%REF\	%ALT\	%QUAL\	[%GT\	%AD]\\n' NA12878_rsid_annotated.vcf.gz,Export chromosome, position, alleles and per-sample genotypes and depths as a TSV for R analysis,variant-calling
bcftools,bcftools,bcftools_08,annotate -a raw.vcf.gz -c ID -O z -o reference.vcf.gz merged.vcf.gz,"\""annotate VCF with a reference VCF (add ID field from dbSNP) (raw.vcf.gz", reference.vcf.gz," merged.vcf.gz)\""",variant-calling
bcftools,bcftools,bcftools_09,isec -p output_dir -n=2 trimmed.vcf.gz assembly.vcf.gz,"\""find variants shared between two VCF files (intersection) (trimmed.vcf.gz"," assembly.vcf.gz)\""",variant-calling
bcftools,bcftools,bcftools_10,query -f '%CHROM\	%POS\	%REF\	%ALT\	%INFO/DP\	[%GT\	]\\n' filtered.vcf.gz,extract custom fields from VCF as TSV (filtered.vcf.gz),variant-calling
bedops,bedops,bedops_01,"\""--merge peaks.bed enhancers.bed\""","\""Compute the union of peak and enhancer intervals", merging all overlapping intervals across both files and writing to stdout (peaks.bed," enhancers.bed)\""",sequence-utilities
bedops,bedops,bedops_02,"\""--intersect peaks.bed enhancers.bed\""","\""Find intervals present in both peaks and enhancers from two sorted BED files (peaks.bed"," enhancers.bed)\""",sequence-utilities
bedops,bedops,bedops_03,"\""--difference peaks.bed blacklist.bed\""","\""Remove peak intervals that overlap blacklist regions (peaks.bed"," blacklist.bed)\""",sequence-utilities
bedops,bedops,bedops_04,"\""--complement chr_sizes.bed\""","\""Compute the complement (genomic regions not covered by any input interval)"," where the input file spans full chromosome lengths (chr_sizes.bed)\""",sequence-utilities
bedops,bedops,bedops_05,"\""--partition peaks.bed enhancers.bed\""","\""Partition the genomic space covered by both files into non-overlapping chunks at every interval boundary (peaks.bed"," enhancers.bed)\""",sequence-utilities
bedops,bedops,bedops_06,"\""--element-of 1 peaks.bed enhancers.bed\""","\""Report peaks that overlap an enhancer by at least 1 bp (peaks.bed"," enhancers.bed)\""",sequence-utilities
bedops,bedops,bedops_07,"\""--not-element-of 1 peaks.bed blacklist.bed\""","\""Report peaks that do not overlap any blacklist region by even 1 bp (peaks.bed"," blacklist.bed)\""",sequence-utilities
bedtools,bedtools,bedtools_01,"\""intersect -a peaks.bed -b enhancers.bed -wa -wb\""","\""Report overlapping peak-enhancer pairs", writing both the original A and B entries (peaks.bed," enhancers.bed)\""",sequence-utilities
bedtools,bedtools,bedtools_02,"\""intersect -a genes.bed -b variants.bed -c\""","\""Count how many variants overlap each gene", reporting 0 for genes without overlapping variants (genes.bed," variants.bed)\""",sequence-utilities
bedtools,bedtools,bedtools_03,"\""intersect -a peaks.bed -b blacklist.bed -v\""","\""Remove peak calls that overlap any ENCODE blacklist region (peaks.bed"," blacklist.bed)\""",sequence-utilities
bedtools,bedtools,bedtools_04,"\""merge -i peaks.bed -d 100\""","\""Merge overlapping and book-ended peak intervals"," also merging peaks separated by up to 100 bp (peaks.bed)\""",sequence-utilities
bedtools,bedtools,bedtools_05,"\""coverage -a genes.bed -b RNAseq.sorted.bam -d\""","\""Compute per-base read depth across each gene from RNA-seq alignments (genes.bed"," RNAseq.sorted.bam)\""",sequence-utilities
bedtools,bedtools,bedtools_06,"\""genomecov -ibam NA12878.sorted.bam -bg -g GRCh38.genome\""","\""Compute genome-wide read depth in bedGraph format using GRCh38 chromosome sizes (NA12878.sorted.bam"," GRCh38.genome)\""",sequence-utilities
bedtools,bedtools,bedtools_07,"\""getfasta -fi GRCh38.fa -bed cpg_islands.bed -fo cpg_islands.fa -s -name\""","\""Extract strand-aware sequences for CpG islands from the GRCh38 reference", using the BED name field in FASTA headers (GRCh38.fa, cpg_islands.bed," cpg_islands.fa)\""",sequence-utilities
bedtools,bedtools,bedtools_08,"\""closest -a variants.bed -b genes.bed -d\""","\""Find the nearest gene for each variant and report the distance between them (variants.bed"," genes.bed)\""",sequence-utilities
bismark,bismark,bismark_01,--genome /data/bisulfite_index/ -1 BSseq_R1.fastq.gz -2 BSseq_R2.fastq.gz -o bismark_out,Align paired-end bisulfite-converted reads to the bisulfite-converted genome index for 5mC methylation analysis,alignment
bismark,bismark,bismark_02,--genome /data/bisulfite_index/ -1 BSseq_R1.fastq.gz -2 BSseq_R2.fastq.gz --non_directional -o bismark_out,Align paired-end PBAT bisulfite reads in non-directional mode for whole-genome methylation profiling,alignment
bismark,bismark,bismark_03,bismark_genome_preparation --verbose /data/genomes/ GRCh38.fa,Prepare a bisulfite-converted genome index for Bismark alignment of human GRCh38 reads,alignment
bismark,bismark,bismark_04,bismark_methylation_extractor --comprehensive --bedGraph --gzip -o meth_results bismark_aligned.bam,Extract per-base methylation metrics and generate a CpG coverage bedGraph from Bismark-aligned BAM,alignment
bismark,bismark,bismark_05,bismark2report --dir bismark_out --output bismark_report.html,Generate a comprehensive HTML alignment and methylation QC report from Bismark output files,alignment
bismark,bismark,bismark_06,coverage2cytosine --gzip --CpG_context --genome_folder /data/genomes/ -o CpG_methylation bismark_coverage.cov,Convert Bismark methylation coverage to per-cytosine context methylation calls for bisulfite-seq,alignment
blast,blast,blast_01,makeblastdb -in GRCh38.fa -dbtype nucl -out GRCh38_db -title 'Homo sapiens GRCh38' -parse_seqids,Build a nucleotide BLAST database from the GRCh38 reference FASTA with parseable sequence identifiers,sequence-utilities
blast,blast,blast_02,blastn -query unknown_contig.fa -db GRCh38_db -out unknown_contig_hits.txt -outfmt 6 -evalue 1e-5 -num_threads 8,Identify the genomic origin of an unmapped contig by blasting it against the GRCh38 database in tabular format,sequence-utilities
blast,blast,blast_03,blastp -query HG002_novel_proteins.faa -db swissprot -out HG002_annot.tsv -outfmt '6 qseqid sseqid pident evalue bitscore stitle' -evalue 1e-10 -num_threads 16 -max_target_seqs 5,"Annotate novel protein sequences from HG002 against Swiss-Prot, reporting the top 5 hits per query with subject titles",sequence-utilities
blast,blast,blast_04,blastx -query gut_metagenome_contigs.fa -db nr -out gut_annot.tsv -outfmt 6 -evalue 1e-5 -num_threads 16 -max_target_seqs 1,Translate and search gut metagenome contigs against the NCBI nr protein database for functional annotation,sequence-utilities
blast,blast,blast_05,blastn -task blastn-short -query primer_pairs.fa -subject SARS2_refseq.fa -out primer_check.txt -outfmt 6 -evalue 1000 -word_size 7,Check PCR primer specificity against the SARS-CoV-2 reference genome using blastn-short tuned for short queries,sequence-utilities
blast,blast,blast_06,tblastn -query hypothesized_protein.faa -db GRCh38_db -out genomic_hits.txt -outfmt 6 -evalue 1e-3 -num_threads 8,Locate genomic regions in GRCh38 encoding a hypothesized protein using a translated tblastn search,sequence-utilities
blast,blast,blast_07,makeblastdb -in uniprot_reviewed.faa -dbtype prot -out uniprot_reviewed_db -parse_seqids,Build a protein BLAST database from the reviewed UniProt FASTA for local protein searches,sequence-utilities
bowtie2,bowtie2,bowtie2_01,bowtie2-build --threads 8 GRCh38.fa GRCh38_bt2,Build a Bowtie 2 index for the human GRCh38 reference genome using 8 threads,alignment
bowtie2,bowtie2,bowtie2_02,-x GRCh38_bt2 -1 K562_H3K27ac_R1.fastq.gz -2 K562_H3K27ac_R2.fastq.gz -S K562_H3K27ac.sam --very-sensitive -p 8,Align K562 H3K27ac ChIP-seq paired-end reads to GRCh38 with very-sensitive settings for downstream peak calling,alignment
bowtie2,bowtie2,bowtie2_03,-x GRCh38_bt2 -U MCF7_miRNA.fastq.gz -S MCF7_miRNA.sam --no-unal,Align single-end small RNA reads from MCF7 cells to GRCh38 suppressing SAM records for unaligned reads,alignment
bowtie2,bowtie2,bowtie2_04,-x GRCh38_bt2 -1 GM12878_R1.fastq.gz -2 GM12878_R2.fastq.gz -S GM12878.sam --rg-id GM12878 --rg SM:GM12878 -p 8,Align GM12878 paired-end reads to GRCh38 with read group metadata in the SAM header for downstream tools,alignment
bowtie2,bowtie2,bowtie2_05,-x GRCh38_bt2 -1 GM12878_R1.fastq.gz -2 GM12878_R2.fastq.gz --un-conc GM12878_unmapped.fq -S GM12878.sam -p 8,Align GM12878 paired-end reads and write pairs that did not align concordantly to a separate FASTQ for contamination analysis,alignment
bowtie2,bowtie2,bowtie2_06,-x GRCh38_bt2 -1 HCC1954_R1.fastq.gz -2 HCC1954_R2.fastq.gz --local --very-sensitive-local -S HCC1954.sam,Align HCC1954 reads to GRCh38 in local mode so read ends may be soft-clipped improving sensitivity near sequencing errors,alignment
bowtie2,bowtie2,bowtie2_07,-x GRCh38_bt2 --interleaved NA12878_interleaved.fastq.gz -S NA12878.sam,Align interleaved paired-end FASTQ reads from NA12878 to GRCh38,alignment
bracken,bracken,bracken_01,-d /databases/k2_standard -i gut_kraken2_report.txt -o gut_bracken_species.txt -w gut_bracken_species_report.txt -r 150 -l S -t 10,Re-estimate species-level abundances from the Kraken2 report of a human gut metagenome using Bracken with 150 bp reads and a 10-read threshold,metagenomics
bracken,bracken,bracken_02,-d /databases/k2_standard -i marine_kraken2_report.txt -o marine_bracken_genus.txt -w marine_bracken_genus_report.txt -r 150 -l G,Estimate genus-level abundances from the Kraken2 report of a marine metagenome for a coarse community comparison across ocean samples,metagenomics
bracken,bracken,bracken_03,-d /databases/k2_standard -i soil_kraken2_report.txt -o soil_bracken.txt -w soil_bracken_report.txt -r 100 -l S,Re-estimate species abundances in a soil metagenome classified with 100 bp reads using the corresponding Bracken read-length distribution,metagenomics
bracken,bracken,bracken_04,-d /databases/k2_standard -i stool_kraken2_report.txt -o stool_bracken.txt -w stool_bracken_report.txt -r 250 -l S -t 5,Estimate species-level abundances from 250 bp paired-end human stool metagenome reads with a lenient 5-read threshold to capture low-abundance taxa,metagenomics
bracken,bracken,bracken_05,-d /databases/k2_standard -i ocean_kraken2_report.txt -o ocean_bracken_phylum.txt -w ocean_bracken_phylum_report.txt -r 150 -l P,Estimate phylum-level abundances from a pelagic ocean metagenome to summarize the broad taxonomic composition of the microbial community,metagenomics
bracken,bracken,bracken_06,"\""combine_bracken_outputs --files day0_bracken.txt day7_bracken.txt day30_bracken.txt --names day0",day7,"day30 -o time_series_abundances.tsv\""",Combine Bracken species-abundance estimates from three time points of a human gut microbiome intervention study into one comparison table,metagenomics
bracken,bracken,bracken_07,bracken-build -d /databases/k2_standard -k 35 -l 150 -t 16 -y kraken2,Build the Bracken read-length distribution database for 150 bp reads from the standard Kraken2 database using 35-mer classification,metagenomics
busco,busco,busco_01,busco -i assembly.fasta -l enterobacterales_odb12 -o busco_out -m genome -c 16,Assess completeness of the E. coli assembly with the enterobacterales_odb12 lineage,genome-evaluation
busco,busco,busco_02,busco -i assembly.fasta -o busco_out -m genome -c 16 --auto-lineage-prok,Assess completeness of a bacterial genome assembly with automatic prokaryote lineage placement,genome-evaluation
busco,busco,busco_03,busco -i assembly.fasta -o busco_out -m genome -c 16 --auto-lineage-euk,Assess completeness of the human HG002 assembly with automatic eukaryote lineage placement,genome-evaluation
busco,busco,busco_04,busco -i proteins.faa -l fungi_odb12 -o busco_out -m proteins -c 16,Assess completeness of a fungal proteome against the fungi_odb12 dataset,genome-evaluation
busco,busco,busco_05,busco -i transcripts.fasta -l embryophyta_odb12 -o busco_out -m transcriptome -c 16,Assess completeness of a plant transcriptome assembly with the embryophyta_odb12 lineage,genome-evaluation
busco,busco,busco_06,busco -i assembly.fasta -l insecta_odb12 -o busco_out -m genome -c 16 --out_path /data/bench/busco -f,Assess completeness of an insect genome assembly writing results to a custom output path,genome-evaluation
busco,busco,busco_07,busco -i assembly.fasta -l viridiplantae_odb12 -o busco_out -m genome -c 16 --metaeuk --offline,Assess completeness of a plant genome assembly with the Metaeuk predictor in offline mode,genome-evaluation
bwa-mem2,bwa-mem2,bwa-mem2_01,index GRCh38.fa,Build a BWA-MEM2 index for the human GRCh38 reference genome,alignment
bwa-mem2,bwa-mem2,bwa-mem2_02,mem -t 16 -R '@RG\tID:HG002\tSM:HG002\tLB:HG002_lib1\tPL:ILLUMINA' GRCh38.fa HG002_R1.fastq.gz HG002_R2.fastq.gz,Align HG002 WGS paired-end reads to GRCh38 with an explicit read group header for GATK HaplotypeCaller downstream,alignment
bwa-mem2,bwa-mem2,bwa-mem2_03,mem -t 16 -o NA12878.sam GRCh38.fa NA12878_R1.fastq.gz NA12878_R2.fastq.gz,Align NA12878 paired-end reads to GRCh38 with 16 threads and write the SAM output directly to a file,alignment
bwa-mem2,bwa-mem2,bwa-mem2_04,mem -t 8 -M GRCh38.fa HCC1395_R1.fq.gz HCC1395_R2.fq.gz,Align HCC1395 breast cancer cell line reads to GRCh38 marking shorter split hits as secondary for Picard/GATK compatibility,alignment
bwa-mem2,bwa-mem2,bwa-mem2_05,mem -t 8 -Y GRCh38.fa NA24385_R1.fq.gz NA24385_R2.fq.gz,Align NA24385 (Ashkenazi trio son) reads to GRCh38 with soft clipping of supplementary alignments for structural variant calling,alignment
bwa-mem2,bwa-mem2,bwa-mem2_06,mem -t 16 -x ont2d T2T-CHM13.fa CHM13_nanopore.fastq.gz,Align Oxford Nanopore long reads to the T2T-CHM13 assembly using the ont2d preset for nanopore data,alignment
bwa,bwa,bwa_01,index -a bwtsw GRCh38.fa,Build a BWA index for the human GRCh38 reference using the bwtsw algorithm suited for large genomes,alignment
bwa,bwa,bwa_02,mem -t 16 -R '@RG\tID:NA12878\tSM:NA12878\tLB:PCRfree\tPL:ILLUMINA' GRCh38.fa NA12878_R1.fastq.gz NA12878_R2.fastq.gz,Align 30x WGS paired-end reads from the CEU sample NA12878 to GRCh38 with a complete read group header for downstream GATK variant calling,alignment
bwa,bwa,bwa_03,mem -t 8 -M -o HG002.sam GRCh38.fa HG002_R1.fq.gz HG002_R2.fq.gz,"Align HG002 paired-end reads to GRCh38, marking shorter split hits as secondary (-M) for Picard-compatible output written to a SAM file",alignment
bwa,bwa,bwa_04,mem -t 8 -Y -R '@RG\tID:HG002\tSM:HG002\tPL:ILLUMINA' GRCh38.fa HG002_R1.fastq.gz HG002_R2.fastq.gz,Align HG002 WGS reads with soft clipping of supplementary alignments (-Y) so long split reads are retained for structural variant discovery,alignment
bwa,bwa,bwa_05,mem -t 8 -x ont2d T2T-CHM13.fa CHM13_nanopore.fastq.gz,Align Oxford Nanopore reads from the CHM13 hydatidiform mole cell line to the T2T-CHM13 reference using the ont2d preset tuned for nanopore error profiles,alignment
bwa,bwa,bwa_06,mem -t 16 -p GRCh38.fa NA12878_interleaved.fastq.gz,Align interleaved paired-end reads from NA12878 against GRCh38 using smart pairing (-p) which handles in1.fq as interleaved,alignment
canu,canu,canu_01,canu -p ecoli -d ecoli_canu genomeSize=5m -nanopore ecoli_ont.fastq.gz useGrid=false maxThreads=16 maxMemory=64,Assemble the E. coli K12 genome from Oxford Nanopore reads locally on a workstation,assembly
canu,canu,canu_02,canu -p HG002 -d HG002_canu genomeSize=3.1g -pacbio HG002_clr.fastq.gz useGrid=false maxThreads=32 maxMemory=256,Assemble the human HG002 genome from PacBio CLR reads,assembly
canu,canu,canu_03,canu -p yeast -d yeast_canu genomeSize=12m -pacbio-hifi yeast_hifi.fastq.gz useGrid=false maxThreads=16 maxMemory=64,Assemble the S. cerevisiae genome from PacBio HiFi reads,assembly
canu,canu,canu_04,canu -p ecoli -d ecoli_corr genomeSize=5m -nanopore ecoli_ont.fastq.gz -correct useGrid=false maxThreads=16 maxMemory=64,Run only the read correction stage on Oxford Nanopore reads of E. coli,assembly
canu,canu,canu_05,canu -p arabidopsis -d ath_canu genomeSize=135m -nanopore ath_ont.fastq.gz minReadLength=3000 useGrid=false maxThreads=32 maxMemory=128,Assemble the A. thaliana genome from Oxford Nanopore reads ignoring reads shorter than 3 kb,assembly
canu,canu,canu_06,canu -p HG002 -d HG002_trio genomeSize=3.1g -nanopore HG002_ont.fastq.gz -haplotypePATERNAL HG002_paternal.fq.gz -haplotypeMATERNAL HG002_maternal.fq.gz useGrid=false maxThreads=32 maxMemory=256,Run TrioCanu haplotype-specific assembly of HG002 from nanopore reads plus parental Illumina reads,assembly
canu,canu,canu_07,canu -p fish -d fish_canu genomeSize=1g -pacbio fish_clr.fastq.gz -trim-assemble useGrid=false maxThreads=32 maxMemory=128,Trim and assemble a fish genome from PacBio CLR reads in a single run,assembly
cellsnp-lite,cellsnp-lite,cellsnp-lite_01,-s E18_mouse_brain.bam -b barcodes.tsv -O cellsnp_out -R common_snps.vcf.gz --minMAF 0.1 --minCOUNT 20,Pileup known SNPs in a 10x Genomics scRNA-seq BAM using cell barcodes,single-cell
cellsnp-lite,cellsnp-lite,cellsnp-lite_02,-s E18_mouse_brain.bam -b barcodes.tsv -O cellsnp_out -R common_snps.vcf.gz --minMAF 0.1 --minCOUNT 20 --UMItag UB --genotype,Genotype cells using UMI-tagged reads for allele-specific expression analysis,single-cell
cellsnp-lite,cellsnp-lite,cellsnp-lite_03,-s bulk_wgs.bam -O bulk_snp_out -R common_snps.vcf.gz --minMAF 0.05 --minCOUNT 10,Pileup SNPs in a bulk WGS BAM without cell barcodes,single-cell
cellsnp-lite,cellsnp-lite,cellsnp-lite_04,-s E18_mouse_brain.bam -b barcodes.tsv -O cellsnp_chr1 -R common_snps.vcf.gz --chrom 1 --minMAF 0.1 --minCOUNT 20,Restrict the pileup to chromosome 1 to reduce runtime and memory,single-cell
cellsnp-lite,cellsnp-lite,cellsnp-lite_05,-s E18_mouse_brain.bam -b barcodes.tsv -O cellsnp_out -T common_snps.vcf.gz --minMAF 0.1 --minCOUNT 20,Stream through the SNP panel without index jumping for large input VCFs,single-cell
cellsnp-lite,cellsnp-lite,cellsnp-lite_06,-S sample_bams.list -i sample_ids.list -O multi_sample_out -R common_snps.vcf.gz --minMAF 0.1 --minCOUNT 20,Pileup multiple bulk samples listed in a BAM list with sample IDs,single-cell
cellsnp-lite,cellsnp-lite,cellsnp-lite_07,-s sorted.bam -b variants.tsv -O genotyped_out -R variants.vcf.gz --minMAF 0.1 --minCOUNT 20 --genotype --gzip,"\""genotype cells in addition to counting alleles (sorted.bam", variants.tsv," variants.vcf.gz)\""",single-cell
cellsnp-lite,cellsnp-lite,cellsnp-lite_08,-s merged.bam -b counts.tsv -O streaming_out -T processed.vcf.gz --minMAF 0.1 --minCOUNT 20,"\""use streaming mode for large SNP panels (merged.bam", counts.tsv," processed.vcf.gz)\""",single-cell
cellsnp-lite,cellsnp-lite,cellsnp-lite_09,-s raw.bam -O read_counts_out -R raw.vcf.gz --minMAF 0.05 --minCOUNT 10 --UMItag None,"\""pileup without UMI counting (read-level) (raw.bam"," raw.vcf.gz)\""",single-cell
cellsnp-lite,cellsnp-lite,cellsnp-lite_10,-S reference.txt -O multi_sample_out -R mapping.vcf.gz --minMAF 0.1 --minCOUNT 20 -i trimmed.txt,"\""use sample list for multi-sample bulk analysis (reference.txt", mapping.vcf.gz," trimmed.txt)\""",single-cell
centrifuge,centrifuge,centrifuge_01,-x /databases/nt -1 respiratory_swab_R1.fq.gz -2 respiratory_swab_R2.fq.gz -S respiratory_centrifuge.tsv --report-file respiratory_report.tsv -p 16,Classify paired-end reads from a clinical respiratory swab of a pneumonia patient against the NCBI nt index to identify the etiological pathogen,metagenomics
centrifuge,centrifuge,centrifuge_02,-x /databases/bacteria_archaea -U soil_metagenome.fq.gz -S soil_centrifuge.tsv --report-file soil_report.tsv -p 16,Classify single-end soil metagenome reads against a bacterial and archaeal genome index to survey the soil microbial community,metagenomics
centrifuge,centrifuge,centrifuge_03,centrifuge-build --conversion-table seqid2taxid.map --taxonomy-tree nodes.dmp --name-table names.dmp -p 16 mycoplasma_genomes.fa mycoplasma_index,Build a custom Centrifuge index from mycoplasma genome sequences using NCBI taxonomy files for species-level pathogen detection,metagenomics
centrifuge,centrifuge,centrifuge_04,-x /databases/nt -1 serum_R1.fq.gz -2 serum_R2.fq.gz -S serum_centrifuge.tsv --report-file serum_report.tsv --exclude-taxids 9606 --min-hitlen 30 -p 16,Classify paired-end reads from human serum excluding the human host taxid 9606 with a 30 bp minimum hit length to detect circulating viral pathogens,metagenomics
centrifuge,centrifuge,centrifuge_05,-x /databases/nt -1 ocean_metagenome_R1.fq.gz -2 ocean_metagenome_R2.fq.gz --out-fmt sam -S ocean_centrifuge.sam --report-file ocean_report.tsv -p 16,Classify paired-end ocean metagenome reads and emit SAM-format alignments for downstream analysis of novel microbial sequences,metagenomics
centrifuge,centrifuge,centrifuge_06,-x /databases/nt -1 gut_metagenome_R1.fq.gz -2 gut_metagenome_R2.fq.gz -k 5 -S gut_centrifuge.tsv --report-file gut_report.tsv -p 16,Classify paired-end human gut metagenome reads reporting up to 5 primary assignments per read to handle multi-mapping taxa in the gut microbiome,metagenomics
centrifuge,centrifuge,centrifuge_07,-x /databases/nt -1 saliva_R1.fq.gz -2 saliva_R2.fq.gz -S saliva_centrifuge.tsv --report-file saliva_report.tsv --un-conc unaligned_saliva.fq -p 16,Classify paired-end saliva metagenome reads and write pairs that did not align concordantly for de novo assembly of uncharacterized oral microbes,metagenomics
checkm2,checkm2,checkm2_01,checkm2 predict --input bins/ --output-directory checkm2_out --threads 16 --extension fa,Estimate completeness and contamination of metagenome-assembled genomes with fa extension,genome-evaluation
checkm2,checkm2,checkm2_02,checkm2 predict --input bins/ --output-directory checkm2_out --threads 32 -x fna,Estimate completeness and contamination of MAGs with fna extension,genome-evaluation
checkm2,checkm2,checkm2_03,checkm2 predict --input proteins/ --output-directory checkm2_out --threads 16 --genes,Evaluate completeness of protein files predicted from MAGs,genome-evaluation
checkm2,checkm2,checkm2_04,checkm2 predict --input bins/ --output-directory checkm2_out --threads 16 -x fa --lowmem,Evaluate MAG quality in low memory mode on a memory-limited machine,genome-evaluation
checkm2,checkm2,checkm2_05,checkm2 predict --input bins/ --output-directory checkm2_out --threads 16 -x fa --allmodels,Evaluate MAGs outputting quality predictions from both the general and specific models,genome-evaluation
checkm2,checkm2,checkm2_06,checkm2 predict --input bins/ --output-directory checkm2_out --threads 16 -x fa --specific --force,Evaluate MAGs with the specific neural network model overwriting the existing output directory,genome-evaluation
chopper,chopper,chopper_01,"\""-q 10 -l 1000 -t 8\""","\""Filter ONT reads streamed from zcat"," keeping reads with average quality of at least Q10 and length of at least 1000 bp using 8 threads (reads.fastq.gz -> reads.filtered.fastq.gz)\""",preprocessing
chopper,chopper,chopper_02,-q 15 -l 500,"\""filter high-quality ONT reads for variant calling (Q15"," min 500 bp)\""",qc
chopper,chopper,chopper_03,-q 10 -l 1000 --headcrop 30 --tailcrop 30,filter reads and remove low-quality ends,qc
chopper,chopper,chopper_04,-q 8 -l 200 --maxlength 50000,filter reads with maximum length cutoff for specific applications,qc
chopper,chopper,chopper_05,--trim-approach trim-by-quality --cutoff 10 -q 10 -l 1000,trim low-quality bases from read ends using trim-by-quality,qc
chopper,chopper,chopper_06,--trim-approach best-read-segment --cutoff 12 -q 10 -l 1000,extract highest-quality read segment using best-read-segment,qc
chopper,chopper,chopper_07,-q 10 -l 1000 --mingc 30 --maxgc 60,filter reads by GC content for AT-rich genomes,qc
chopper,chopper,chopper_08,-q 10 -l 1000 --inverse,output reads that fail quality filters (inverse mode),qc
chopper,chopper,chopper_09,-q 10 -l 1000 -c sample.fasta,filter contaminants against a reference FASTA (sample.fasta),qc
chopper,chopper,chopper_10,--trim-approach split-by-low-quality --cutoff 8 -q 10 -l 500,split reads by low-quality segments,qc
chromap,chromap,chromap_01,-i -r GRCh38.fa -o GRCh38.chromap,Build a chromap index for the human GRCh38 reference genome,epigenomics
chromap,chromap,chromap_02,--preset atac -x GRCh38.chromap -r GRCh38.fa -1 GM12878_ATAC_R1.fastq.gz -2 GM12878_ATAC_R2.fastq.gz -o GM12878_atac.bed -t 8,Align paired-end bulk ATAC-seq reads from GM12878 to GRCh38 with the atac preset outputting BED for peak calling,epigenomics
chromap,chromap,chromap_03,--preset atac -x GRCh38.chromap -r GRCh38.fa -1 PBMC_scATAC_R1.fastq.gz -2 PBMC_scATAC_R2.fastq.gz -b PBMC_barcodes.fastq.gz --barcode-whitelist 737K-arc-v1.txt -o PBMC_scatac.bed -t 8,Align 10x Genomics single-cell ATAC-seq reads from PBMCs with cell barcodes filtered against the 737K-arc-v1 whitelist,epigenomics
chromap,chromap,chromap_04,--preset chip -x GRCh38.chromap -r GRCh38.fa -1 K562_CTCF_R1.fastq.gz -2 K562_CTCF_R2.fastq.gz -o K562_CTCF.bed -t 8,Align K562 CTCF ChIP-seq paired-end reads to GRCh38 with the chip preset for peak calling,epigenomics
chromap,chromap,chromap_05,--preset atac -x GRCh38.chromap -r GRCh38.fa -1 GM12878_R1.fq.gz -2 GM12878_R2.fq.gz --Tn5-shift --trim-adapters --remove-pcr-duplicates -o GM12878_clean.bed,Align GM12878 ATAC-seq reads applying Tn5 shift correction 3' adapter trimming and PCR duplicate removal before peak calling,epigenomics
chromap,chromap,chromap_06,--preset hic -x GRCh38.chromap -r GRCh38.fa -1 GM12878_HiC_R1.fastq.gz -2 GM12878_HiC_R2.fastq.gz --pairs -o GM12878_hic.pairs,Align GM12878 Hi-C reads to GRCh38 with the hic preset and output contacts in the 4DN pairs format,epigenomics
chromap,chromap,chromap_07,--preset atac -x GRCh38.chromap -r GRCh38.fa -1 GM12878_ATAC_R1.fastq.gz -2 GM12878_ATAC_R2.fastq.gz --SAM -o GM12878.sam,Align GM12878 ATAC-seq reads and output alignments in SAM format for interoperability with downstream tools,epigenomics
cnvkit,cnvkit,cnvkit_01,batch results.bam --normal variants.bam --targets sorted.bed --annotate merged.txt --fasta merged.fa --access raw.bed --output-reference counts.cnn --output-dir cnvkit_output/,"\""run CNVkit batch workflow for tumor-normal WES (results.bam", variants.bam, sorted.bed, merged.txt, merged.fa, raw.bed," counts.cnn)\""",variant-calling
cnvkit,cnvkit,cnvkit_02,batch reference.bam --reference analysis.cnn --targets counts.bed --output-dir cnvkit_tumor_only/,"\""run CNVkit on tumor-only WES with pre-built reference (reference.bam", analysis.cnn," counts.bed)\""",variant-calling
cnvkit,cnvkit,cnvkit_03,access GRCh38.fa -o GRCh38_access.bed,Build the accessible-genome BED by excluding gaps, telomeres and centromeres,variant-calling
cnvkit,cnvkit,cnvkit_04,call genome.cns -o trimmed.cns --center median --purity 0.8,"\""call integer copy numbers from segments (genome.cns"," trimmed.cns)\""",variant-calling
cnvkit,cnvkit,cnvkit_05,batch results.bam --normal analysis.bam --targets filtered.bed --fasta assembly.fa --drop-low-coverage --output-dir cnvkit_output/,"\""run batch with drop-low-coverage for poor-quality tumor (results.bam", analysis.bam, filtered.bed," assembly.fa)\""",variant-calling
cnvkit,cnvkit,cnvkit_06,segment results.cnr -o processed.cns -m haar --drop-outliers 5,"\""segment with alternative method (HaarSeg) (results.cnr"," processed.cns)\""",variant-calling
cnvkit,cnvkit,cnvkit_07,call tumor_wes.cns -o tumor_wes_called.cns --purity 0.8,Call integer copy numbers from segments assuming 80% tumor purity,variant-calling
cnvkit,cnvkit,cnvkit_08,genemetrics genome.cns -t -m 0.3 -o trimmed.txt,"\""identify genes with copy number alterations (genome.cns"," trimmed.txt)\""",variant-calling
cnvkit,cnvkit,cnvkit_09,batch variants.bam --normal results.bam --fasta merged.fa --method wgs --output-dir cnvkit_wgs/,"\""run WGS analysis without target BED (variants.bam", results.bam," merged.fa)\""",variant-calling
cnvkit,cnvkit,cnvkit_10,segment trimmed.cnr -o variants.cns -v mapping.vcf --sample-id tumor_sample --normal-id normal_sample,"\""segment with VCF for allele-specific analysis (trimmed.cnr", variants.cns," mapping.vcf)\""",variant-calling
crossmap,crossmap,crossmap_01,vcf hg19ToHg38.over.chain.gz NA12878.grch37.vcf GRCh38.fa NA12878.grch38.vcf,"Lift NA12878 variants from GRCh37 to GRCh38 using the UCSC hg19ToHg38 chain, validating alleles against the GRCh38 reference",sequence-utilities
crossmap,crossmap,crossmap_02,bed hg19ToHg38.over.chain.gz NA12878.peak_calls_hg19.bed NA12878.peak_calls_hg38.bed,Lift NA12878 ChIP-seq peak calls from hg19 coordinates to hg38,sequence-utilities
crossmap,crossmap,crossmap_03,bam hg19ToHg38.over.chain.gz NA12878.grch37.bam NA12878.grch38,Lift the NA12878 BAM alignment from hg19 to hg38; output is written as NA12878.grch38.bam with updated flags and insert sizes,sequence-utilities
crossmap,crossmap,crossmap_04,gff hg19ToHg38.over.chain.gz genes_hg19.gff3 genes_hg38.gff3,Lift gene annotations from hg19 to hg38 coordinates with a UCSC chain file,sequence-utilities
crossmap,crossmap,crossmap_05,vcf hg19ToHg38.over.chain.gz NA12878.grch37.vcf GRCh38.fa NA12878.grch38.vcf --no-comp-alleles,Lift NA12878 variants without checking reference allele consistency between the two assemblies,sequence-utilities
crossmap,crossmap,crossmap_06,bed hg19ToHg38.over.chain.gz peaks_hg19.bed peaks_hg38.bed --unmap-file peaks_hg38.unmap.bed,Lift peak regions to hg38 while writing records that failed conversion to an unmapped file,sequence-utilities
curl,curl,curl_01,-L -o GRCh38.fa.gz https://ftp.ensembl.org/pub/release-110/fasta/homo_sapiens/dna/Homo_sapiens.GRCh38.dna.primary_assembly.fa.gz,"Download the GRCh38 primary assembly FASTA from Ensembl, following redirects",data-download
curl,curl,curl_02,-C - -L -o NA12878_R1.fastq.gz https://ftp.sra.ebi.ac.uk/vol1/fastq/ERR194/ERR194147/ERR194147_1.fastq.gz,Resume an interrupted download of the NA12878 FASTQ file from ENA,data-download
curl,curl,curl_03,"-X POST -H 'Content-Type: application/json' -d '{""sample"":""NA12878"",""status"":""running""}' https://api.example.org/submissions",Submit a JSON status update for sample NA12878 to an API endpoint,data-download
curl,curl,curl_04,-sS -H 'Authorization: Bearer TOKEN' https://api.example.org/v1/samples/NA12878,"Fetch sample NA12878 metadata from an authenticated API, showing errors only",data-download
curl,curl,curl_05,-I https://ftp.ensembl.org/pub/release-110/fasta/homo_sapiens/dna/,Check the availability and headers of the Ensembl FASTA directory,data-download
curl,curl,curl_06,-T NA12878_results.tar.gz -u user:pass https://upload.example.org/incoming/,Upload the NA12878 results archive to a remote server with basic authentication,data-download
cutadapt,cutadapt,cutadapt_01,-a AGATCGGAAGAGCACACGTCTGAACTCCAGTCA -A AGATCGGAAGAGCGTCGTGTAGGGAAAGAGTGT -o matrix.fastq.gz -p reference.fastq.gz report.fastq.gz analysis.fastq.gz,"\""remove Illumina TruSeq adapters from paired-end reads (matrix.fastq.gz", reference.fastq.gz, report.fastq.gz," analysis.fastq.gz)\""",qc
cutadapt,cutadapt,cutadapt_02,-a AGATCGGAAGAGC -A AGATCGGAAGAGC -q 20 --minimum-length 36 -o trimmed.fastq.gz -p analysis.fastq.gz assembly.fastq.gz sample.fastq.gz,"\""trim adapters and quality-filter", discarding short reads (trimmed.fastq.gz, analysis.fastq.gz, assembly.fastq.gz," sample.fastq.gz)\""",qc
cutadapt,cutadapt,cutadapt_03,-a A{20} -q 20 --minimum-length 30 -o analysis.fastq.gz genome.fastq.gz,"\""remove polyA tail from single-end RNA-seq reads (analysis.fastq.gz"," genome.fastq.gz)\""",qc
cutadapt,cutadapt,cutadapt_04,-a CTGTCTCTTATA -A CTGTCTCTTATA -q 20 --minimum-length 20 -o report.fastq.gz -p sorted.fastq.gz raw.fastq.gz genome.fastq.gz,"\""trim Nextera transposase adapters from paired-end ATAC-seq data (report.fastq.gz", sorted.fastq.gz, raw.fastq.gz," genome.fastq.gz)\""",qc
cutadapt,cutadapt,cutadapt_05,-g ACACTGACGACATGGTTCTACA --discard-untrimmed -o raw.fastq.gz sample.fastq.gz,"\""remove 5' primer from single-end amplicon reads (raw.fastq.gz"," sample.fastq.gz)\""",qc
cutadapt,cutadapt,cutadapt_06,-a ^FWDPRIMER...RCREVPRIMER -A ^REVPRIMER...RCFWDPRIMER --discard-untrimmed -o sorted.fastq.gz -p annotated.fastq.gz report.fastq.gz filtered.fastq.gz,"\""use linked adapters for amplicon with both 5' and 3' primers (sorted.fastq.gz", annotated.fastq.gz, report.fastq.gz," filtered.fastq.gz)\""",qc
cutadapt,cutadapt,cutadapt_07,-a AGATCGGAAGAGC --nextseq-trim 20 -o assembly.fastq.gz annotated.fastq.gz,"\""NextSeq-specific quality trimming (assembly.fastq.gz"," annotated.fastq.gz)\""",qc
cutadapt,cutadapt,cutadapt_08,-a AGATCGGAAGAGC --action mask -o raw.fastq.gz genome.fastq.gz,"\""mask adapters with N instead of trimming (raw.fastq.gz"," genome.fastq.gz)\""",qc
cutadapt,cutadapt,cutadapt_09,-g ^TTAAGGCC -g ^AAGCTTA -a TACGGACT -n 2 -o assembly.fastq counts.fastq,"\""remove multiple adapters with multiple rounds (assembly.fastq"," counts.fastq)\""",qc
cutadapt,cutadapt,cutadapt_10,-a AGATCGGAAGAGC --rc -o analysis.fastq.gz report.fastq.gz,"\""check reverse complement for adapter matches (analysis.fastq.gz"," report.fastq.gz)\""",qc
deeptools,deeptools,deeptools_01,"\""bamCoverage -b H3K27ac_rep1.sorted.bam -o H3K27ac_rep1.bw --normalizeUsing RPKM --binSize 25 -p 8\""","\""Generate an RPKM-normalized coverage bigWig from ChIP-seq alignments at 25-bp bins (H3K27ac_rep1.sorted.bam"," H3K27ac_rep1.bw)\""",sequence-utilities
deeptools,deeptools,deeptools_02,"\""bamCoverage -b CTCF.sorted.bam -o CTCF.bw --normalizeUsing RPGC --effectiveGenomeSize 2913022398 --binSize 25 -p 8\""","\""Generate a 1x-genome-coverage (RPGC) normalized bigWig for human data using the GRCh38 effective genome size (CTCF.sorted.bam"," CTCF.bw)\""",sequence-utilities
deeptools,deeptools,deeptools_03,"\""bamCoverage -b input.sorted.bam -o input.bw --extendReads --ignoreDuplicates --minMappingQuality 30 --binSize 25 -p 8\""","\""Extend reads to fragment size", ignore duplicate reads, and keep only alignments with mapping quality of at least 30 when generating the control track (input.sorted.bam," input.bw)\""",sequence-utilities
deeptools,deeptools,deeptools_04,"\""bamCompare -b1 H3K27ac_rep1.sorted.bam -b2 input.sorted.bam -o H3K27ac_log2.bw --operation log2 --normalizeUsing RPKM --binSize 25 -p 8\""","\""Compute the log2 ratio of ChIP over input coverage at 25-bp bins with RPKM normalization (H3K27ac_rep1.sorted.bam", input.sorted.bam," H3K27ac_log2.bw)\""",sequence-utilities
deeptools,deeptools,deeptools_05,"\""computeMatrix reference-point -S H3K27ac.bw -R genes.bed --referencePoint TSS -b 3000 -a 3000 --binSize 50 -o matrix_TSS.gz -p 8\""","\""Compute a signal matrix around transcription start sites", 3 kb upstream and downstream, at 50-bp resolution (H3K27ac.bw, genes.bed," matrix_TSS.gz)\""",sequence-utilities
deeptools,deeptools,deeptools_06,"\""plotHeatmap -m matrix_TSS.gz -o heatmap_TSS.png --colorMap RdBu_r --sortUsing median --whatToShow 'heatmap and colorbar'\""","\""Plot a heatmap of TSS-centered signal with median sorting and a diverging color scale (matrix_TSS.gz"," heatmap_TSS.png)\""",sequence-utilities
deeptools,deeptools,deeptools_07,"\""plotProfile -m matrix_TSS.gz -o profile_TSS.png --perGroup --plotType lines --yAxisLabel \""\""RPKM\""\""\""","\""Plot average signal profiles per region group across the TSS matrix (matrix_TSS.gz"," profile_TSS.png)\""",sequence-utilities
deeptools,deeptools,deeptools_08,"\""multiBigwigSummary bins -b H3K27ac_rep1.bw H3K27ac_rep2.bw input.bw -o multiBigwigSummary.npz --binSize 10000 -p 8\""","\""Summarize coverage from multiple bigWig files in 10-kb bins for correlation analysis between replicates (H3K27ac_rep1.bw", H3K27ac_rep2.bw, input.bw," multiBigwigSummary.npz)\""",sequence-utilities
deeptools,deeptools,deeptools_09,bamCoverage -b report.bam -o annotated.bw --MNase --binSize 1,"\""MNase-seq nucleosome positioning track (report.bam"," annotated.bw)\""",epigenomics
deeptools,deeptools,deeptools_10,plotFingerprint -b processed.bam genome.bam -plot reads.png --outQualityMetrics assembly.txt,"\""ChIP quality assessment with plotFingerprint (processed.bam", genome.bam, reads.png," assembly.txt)\""",epigenomics
deepvariant,deepvariant,deepvariant_01,run_deepvariant --model_type=WGS --ref=GRCh38.fa --reads=HG002_final.bam --output_vcf=HG002_deepvariant.vcf.gz --output_gvcf=HG002_deepvariant.g.vcf.gz --num_shards=32,Call SNPs and indels in HG002 whole-genome reads with the WGS model,variant-calling
deepvariant,deepvariant,deepvariant_02,run_deepvariant --model_type=WES --ref=GRCh38.fa --reads=NA12878_exome.bam --output_vcf=NA12878_deepvariant_wes.vcf.gz --num_shards=16,Call variants in exome capture data with the WES model,variant-calling
deepvariant,deepvariant,deepvariant_03,run_deepvariant --model_type=PACBIO --ref=GRCh38.fa --reads=HG002_pacbio_final.bam --output_vcf=HG002_pacbio.vcf.gz --num_shards=32,Call variants from PacBio HiFi reads with the PACBIO model,variant-calling
deepvariant,deepvariant,deepvariant_04,run_deepvariant --model_type=ONT_R104 --ref=GRCh38.fa --reads=HG002_ont_final.bam --output_vcf=HG002_ont.vcf.gz --num_shards=48,Call variants from Oxford Nanopore R10.4 reads with the ONT_R104 model,variant-calling
deepvariant,deepvariant,deepvariant_05,run_deepvariant --model_type=HYBRID_PACBIO_ILLUMINA --ref=GRCh38.fa --reads=HG002_hybrid_final.bam --output_vcf=HG002_hybrid.vcf.gz --num_shards=32,Call variants combining PacBio HiFi and Illumina data with the hybrid model,variant-calling
delly,delly,delly_01,call -g GRCh38.fa -o NA12878_sv.bcf NA12878_final.bam,Discover germline structural variants in NA12878 whole-genome reads,structural-variants
delly,delly,delly_02,call -g GRCh38.fa -x hg38_exclusion_regions.bed -o NA12878_sv.bcf NA12878_final.bam,Call SVs while excluding known problematic regions (centromeres, gaps and decoy contigs),structural-variants
delly,delly,delly_03,call -g results.fa -x variants.excl -o raw.bcf processed.bam report.bam,"\""call somatic SVs from tumor-normal pair (results.fa", variants.excl, raw.bcf, processed.bam," report.bam)\""",variant-calling
delly,delly,delly_04,call -g GRCh38.fa -o tumor_normal_sv.bcf tumor_wes.bam normal_wes.bam,Discover somatic SVs from a tumor-normal WES pair (the tumor BAM is listed first),structural-variants
delly,delly,delly_05,filter -f somatic -o tumor_somatic_sv.bcf -s tumor_normal_samples.tsv tumor_normal_sv.bcf,Filter somatic SV calls requiring tumor support and minimal signal in the normal,structural-variants
delly,delly,delly_06,lr -y pb -g annotated.fa -o counts.bcf annotated.bam,"\""call SVs from PacBio long reads (annotated.fa", counts.bcf," annotated.bam)\""",variant-calling
delly,delly,delly_07,call -g GRCh38.fa -v trio_sv_sites.bcf -o NA12878_sv_genotyped.bcf NA12878_final.bam,Genotype the merged SV sites in NA12878 reads,structural-variants
delly,delly,delly_08,call -t DEL -g sample.fa -o analysis.bcf counts.bam,"\""call only deletions (skip other SV types) (sample.fa", analysis.bcf," counts.bam)\""",variant-calling
delly,delly,delly_09,call -g matrix.fa -v results.bcf -o mapping.bcf raw.bam,"\""genotype merged SV sites across samples (matrix.fa", results.bcf, mapping.bcf," raw.bam)\""",variant-calling
delly,delly,delly_10,cnv -g results.fa -m sample.gz -o matrix.bcf variants.bam,"\""call copy-number variants with mappability map (results.fa", sample.gz, matrix.bcf," variants.bam)\""",variant-calling
diamond,diamond,diamond_01,makedb --in uniprot_reviewed.faa --db uniprot_reviewed.dmnd,Build a DIAMOND protein database from the reviewed UniProt FASTA file,sequence-utilities
diamond,diamond,diamond_02,blastp --query gut_metagenome_proteins.faa --db uniprot_reviewed.dmnd --out gut_annot.tsv --outfmt 6 --evalue 1e-5 --threads 16 --sensitive,Functionally annotate gut metagenome proteins against UniProt with a sensitive blastp search in BLAST tabular format,sequence-utilities
diamond,diamond,diamond_03,blastx --query gut_metagenome_reads.fa --db nr.dmnd --out gut_reads_annot.tsv --outfmt 6 --evalue 1e-5 --threads 16 --max-target-seqs 1,Run a translated diamond blastx search of raw metagenomic reads against the nr protein database for rapid taxonomic annotation,sequence-utilities
diamond,diamond,diamond_04,blastp --query novel_proteome.faa --db uniprot_reviewed.dmnd --out novel_hits.tsv --outfmt '6 qseqid sseqid pident length evalue bitscore stitle' --very-sensitive --threads 16,Search a novel proteome against UniProt in very-sensitive mode with custom tabular output columns,sequence-utilities
diamond,diamond,diamond_05,makedb --in eggNOG_proteins.faa --db eggnog.dmnd --taxonmap prot.accession2taxid.gz --taxonnodes nodes.dmp --taxonnames names.dmp,Build a taxonomy-aware DIAMOND database from eggNOG proteins for lineage-based result filtering,sequence-utilities
diamond,diamond,diamond_06,blastp --query unknown_proteins.faa --db uniprot_reviewed.dmnd --out unknown_hits.tsv --outfmt 6 --evalue 1e-3 --top 10 --threads 8,Search unknown protein sequences and report all hits within 10 percent of the top alignment score for ortholog detection,sequence-utilities
eggnog-mapper,eggnog-mapper,eggnog-mapper_01,emapper.py -i E_coli_K12_proteins.faa --output ecoli_eggnog --output_dir eggnog_out --cpu 16 -m diamond --data_dir /databases/eggnog_db,Functionally annotate E. coli K-12 proteins with eggNOG orthology groups KEGG pathways and GO terms using Diamond search against the eggNOG database,functional-annotation
eggnog-mapper,eggnog-mapper,eggnog-mapper_02,emapper.py -i sorghum_transcripts.fna --itype CDS --translate -m diamond --output sorghum_eggnog --output_dir eggnog_out --cpu 16 --data_dir /databases/eggnog_db,Annotate sorghum coding transcripts by translating CDS sequences before Diamond search for plant gene function prediction,functional-annotation
eggnog-mapper,eggnog-mapper,eggnog-mapper_03,emapper.py -i gut_MAG_proteins.faa --itype metagenome --genepred search -m diamond --output gut_MAGs_eggnog --output_dir eggnog_out --cpu 16 --data_dir /databases/eggnog_db,Functionally annotate proteins from gut metagenome-assembled genomes using metagenome mode for gene function surveys of the microbiome,functional-annotation
eggnog-mapper,eggnog-mapper,eggnog-mapper_04,emapper.py -i marine_isolate.fna --itype genome --genepred prodigal -m diamond --output marine_eggnog --output_dir eggnog_out --cpu 16 --data_dir /databases/eggnog_db,Annotate a marine bacterial isolate genome by predicting genes with Prodigal before functional annotation of the proteome,functional-annotation
eggnog-mapper,eggnog-mapper,eggnog-mapper_05,emapper.py -i wheat_proteins.faa -m diamond --go_evidence non-electronic --output wheat_eggnog --output_dir eggnog_out --cpu 16 --data_dir /databases/eggnog_db,Annotate wheat proteins retaining only non-electronic GO evidence terms for high-confidence functional assignments,functional-annotation
eggnog-mapper,eggnog-mapper,eggnog-mapper_06,emapper.py -i human_isoform_proteins.faa -m diamond --pfam_realign realign --output human_eggnog --output_dir eggnog_out --cpu 16 --data_dir /databases/eggnog_db,Annotate human protein isoforms with eggNOG and realign hits to Pfam domains for improved domain-level functional annotation,functional-annotation
eggnog-mapper,eggnog-mapper,eggnog-mapper_07,emapper.py -i viral_proteins.faa -m hmmer -d eggNOG --output viral_eggnog --output_dir eggnog_out --cpu 8 --data_dir /databases/eggnog_db,Annotate viral protein sequences using HMMER profile searches against eggNOG HMMs to capture divergent virus gene families,functional-annotation
fastani,fastani,fastani_01,--ql query_genomes.txt --rl reference_genomes.txt -o fastani_results.txt --fragLen 3000,Compute pairwise average nucleotide identity between query and reference genomes using 3 kb fragments,comparative-genomics
fastani,fastani,fastani_02,--ql query_assembly.fa --rl reference_genomes/ -o ani_output.txt --visualize,Compute ANI with visualization matrix to compare a single query genome against all genomes in the reference directory,comparative-genomics
fastani,fastani,fastani_03,--ql metagenomic_bins/ --rl GTDB_references/ -o mag_ani.txt -t 16 --minFraction 0.5,Compare metagenome-assembled genomes against GTDB reference genomes for taxonomic assignment using 16 threads,comparative-genomics
fastani,fastani,fastani_04,--ql isolate.fa --rl type_strains/ -o isolate_ani.txt -t 8 --matrix,Generate a pairwise ANI matrix comparing a bacterial isolate to all type strain genomes for species identification,comparative-genomics
fastani,fastani,fastani_05,--ql unknown_genomes.fa --rl reference_db.fa -o results.txt --fragLen 1000 -t 8,Compute fast ANI using 1 kb fragments for rapid preliminary species assignment of unknown bacterial genomes,comparative-genomics
fastp,fastp,fastp_01,-i report.fastq.gz -I filtered.fastq.gz -o sample.fastq.gz -O results.fastq.gz -h merged.html -j sorted.json -w 8,"\""quality trim and filter paired-end FASTQ reads with 8 threads (report.fastq.gz", filtered.fastq.gz, sample.fastq.gz, results.fastq.gz, merged.html," sorted.json)\""",qc
fastp,fastp,fastp_02,-i analysis.fastq.gz -o raw.fastq.gz -l 50 -h analysis.html -j processed.json,"\""trim adapters from single-end reads and filter reads shorter than 50 bp (analysis.fastq.gz", raw.fastq.gz, analysis.html," processed.json)\""",qc
fastp,fastp,fastp_03,-i sample.fq.gz -I filtered.fq.gz -o merged.fq.gz -O processed.fq.gz -q 20 -l 36 -w 8 -h reference.html -j filtered.json,"\""quality trim paired-end reads and set minimum quality to 20 (sample.fq.gz", filtered.fq.gz, merged.fq.gz, processed.fq.gz, reference.html," filtered.json)\""",qc
fastp,fastp,fastp_04,-i variants.fq.gz -I genome.fq.gz -o merged.fq.gz -O analysis.fq.gz --trim_poly_a -w 8 -h variants.html -j processed.json,"\""run fastp on paired-end RNA-seq data with polyA trimming (variants.fq.gz", genome.fq.gz, merged.fq.gz, analysis.fq.gz, variants.html," processed.json)\""",qc
fastp,fastp,fastp_05,-i genome.fq.gz -I assembly.fq.gz -o /dev/null -O /dev/null --disable_adapter_trimming --disable_quality_filtering -h results.html -j sample.json,"\""quality control only (no trimming", just generate the QC report) (genome.fq.gz, assembly.fq.gz, results.html," sample.json)\""",qc
fastp,fastp,fastp_06,-i raw.fq.gz -I sample.fq.gz --merge --merged_out reads.fq.gz -o reference.fq.gz -O trimmed.fq.gz -w 8,"\""merge overlapping paired-end reads (raw.fq.gz", sample.fq.gz, reads.fq.gz, reference.fq.gz," trimmed.fq.gz)\""",qc
fastp,fastp,fastp_07,-i processed.fq.gz -I filtered.fq.gz -o reads.fq.gz -O aligned.fq.gz --correction -w 8,"\""enable base correction in overlapped regions (processed.fq.gz", filtered.fq.gz, reads.fq.gz," aligned.fq.gz)\""",qc
fastp,fastp,fastp_08,-i assembly.fq.gz -I merged.fq.gz -o variants.fq.gz -O counts.fq.gz --trim_poly_g --poly_g_min_len 10,"\""trim polyG tails (NovaSeq/NextSeq) (assembly.fq.gz", merged.fq.gz, variants.fq.gz," counts.fq.gz)\""",qc
fastp,fastp,fastp_09,-i processed.fq.gz -o raw.fq.gz --cut_front --cut_tail -q 20 -w 8,"\""sliding window quality trimming from both ends (processed.fq.gz"," raw.fq.gz)\""",qc
fastp,fastp,fastp_10,-i aligned.fq.gz -I sorted.fq.gz -o reads.fq.gz -O processed.fq.gz --dedup --dup_calc_accuracy 4 -w 8,"\""deduplication with high accuracy (aligned.fq.gz", sorted.fq.gz, reads.fq.gz," processed.fq.gz)\""",qc
fastq-screen,fastq-screen,fastq-screen_01,--conf fastq_screen.conf --threads 8 HG002_R1.fastq.gz HG002_R2.fastq.gz,Screen paired-end HG002 reads against configured genome databases to check for contamination in the sequencing library,qc
fastq-screen,fastq-screen,fastq-screen_02,--conf fastq_screen.conf --subset 100000 --threads 8 NA12878_R1.fastq.gz NA12878_R2.fastq.gz,Screen a subset of 100k NA12878 paired-end reads against contamination databases for rapid QC assessment,qc
fastq-screen,fastq-screen,fastq-screen_03,--conf fastq_screen.conf --aligner bowtie2 --threads 8 tumor_R1.fastq.gz tumor_R2.fastq.gz,Screen tumor paired-end reads for contamination using Bowtie 2 as the aligner against species-specific databases,qc
fastq-screen,fastq-screen,fastq-screen_04,--conf fastq_screen.conf --filter 1000 --threads 8 E_coli_K12_R1.fastq.gz,Screen single-end E. coli reads with a filter threshold of 1000 reads per contaminant species,qc
fastq-screen,fastq-screen,fastq-screen_05,--conf fastq_screen.conf --nohits --tag --threads 8 gut_metagenome_R1.fastq.gz gut_metagenome_R2.fastq.gz,Screen gut metagenome reads and tag read headers with the mapped organism for downstream filtering,qc
fastq-screen,fastq-screen,fastq-screen_06,--conf fastq_screen.conf --bisulfite --threads 8 BSseq_R1.fastq.gz BSseq_R2.fastq.gz,Screen bisulfite-converted paired-end reads in bisulfite mode for contamination detection in methylation studies,qc
fastqc,fastqc,fastqc_01,reads.fastq.gz -o qc_results/,run quality control on a single FASTQ file (reads.fastq.gz),qc
fastqc,fastqc,fastqc_02,-t 4 -o qc_results/ raw.fastq.gz report.fastq.gz,"\""run quality control on paired-end FASTQ files using 4 threads (raw.fastq.gz"," report.fastq.gz)\""",qc
fastqc,fastqc,fastqc_03,--noextract -o qc_output/ counts.fastq.gz mapping.fastq.gz sorted.fastq.gz merged.fastq.gz,"\""run quality control on multiple samples and keep zip files without extracting (counts.fastq.gz", mapping.fastq.gz, sorted.fastq.gz," merged.fastq.gz)\""",qc
fastqc,fastqc,fastqc_04,-o qc_results/ processed.bam,run fastqc on a BAM file (processed.bam),qc
fastqc,fastqc,fastqc_05,-f fastq -a matrix.txt -o qc_results/ annotated.fastq.gz,"\""run fastqc with custom adapter sequences and format specification (matrix.txt"," annotated.fastq.gz)\""",qc
fastqc,fastqc,fastqc_06,--svg -o qc_results/ reads.fastq.gz report.fastq.gz,"\""run fastqc with SVG output for publication-quality graphics (reads.fastq.gz"," report.fastq.gz)\""",qc
fastqc,fastqc,fastqc_07,--memory 1024 -o qc_results/ matrix.fastq.gz,run fastqc on long reads with increased memory (matrix.fastq.gz),qc
fastqc,fastqc,fastqc_08,-c variants.txt -o qc_results/ assembly.fastq.gz,"\""run fastqc with custom contaminant screening (variants.txt"," assembly.fastq.gz)\""",qc
fastqc,fastqc,fastqc_09,-k 5 -o qc_results/ reference.fastq.gz,run fastqc with specific Kmer length for Kmer content analysis (reference.fastq.gz),qc
fastqc,fastqc,fastqc_10,--casava -o qc_results/ matrix.fastq.gz report.fastq.gz,"\""run fastqc on Casava raw output files (matrix.fastq.gz"," report.fastq.gz)\""",qc
fasttree,fasttree,fasttree_01,-nt -gtr CO1_alignment.fa > CO1_tree.nwk,"\""Infer a nucleotide phylogenetic tree from the CO1 alignment under the GTR model with FastTree\""",phylogenetics
fasttree,fasttree,fasttree_02,-nt -gtr -gamma 16S_alignment.fa > 16S_tree.nwk,"\""Infer a 16S rRNA tree under GTR with gamma-distributed rate optimization\""",phylogenetics
fasttree,fasttree,fasttree_03,-nt -gtr -cat 20 16S_alignment.fa > 16S_tree.nwk,"\""Infer a 16S tree using 20 rate categories in the CAT approximation\""",phylogenetics
fasttree,fasttree,fasttree_04,-nt -gtr -boot 1000 -seed 42 processed.fasta,infer tree with local support values (processed.fasta),phylogenetics
fasttree,fasttree,fasttree_05,-nt -gtr analysis.fasta,infer tree using multithreaded FastTreeMP (analysis.fasta),phylogenetics
fasttree,fasttree,fasttree_06,-lg merged.fasta,infer protein tree with LG substitution model (merged.fasta),phylogenetics
fasttree,fasttree,fasttree_07,-nt -gtr -fastest raw.fasta,run faster but less thorough tree search (raw.fasta),phylogenetics
fasttree,fasttree,fasttree_08,-nt -gtr -gamma counts.fasta,infer tree with gamma-distributed rate variation (counts.fasta),phylogenetics
fasttree,fasttree,fasttree_09,-nt -gtr -n 1 matrix.phy,infer tree from PHYLIP format input (matrix.phy),phylogenetics
fasttree,fasttree,fasttree_10,-nt -gtr -slownni filtered.fasta,infer tree with more thorough nearest-neighbor interchange search (filtered.fasta),phylogenetics
featurecounts,featurecounts,featurecounts_01,-a gencode.v44.annotation.gtf -o NA12878_counts.txt -p -s 2 -T 8 NA12878_sorted.bam,Count reads per gene for paired-end NA12878 RNA-seq from a reversely-stranded library using GENCODE v44 annotations,rna-seq
featurecounts,featurecounts,featurecounts_02,-a gencode.v44.annotation.gtf -o K562_counts.txt -s 0 -T 8 K562_sorted.bam,Count reads per gene for unstranded single-end RNA-seq from K562 cells,rna-seq
featurecounts,featurecounts,featurecounts_03,-a gencode.v44.annotation.gtf -o A549_counts.txt -p -s 2 --countReadPairs -B -T 8 A549_sorted.bam,"Count read pairs for paired-end A549 RNA-seq, requiring both ends to be aligned and counting each fragment once",rna-seq
featurecounts,featurecounts,featurecounts_04,-a gencode.v44.annotation.gtf -o NA12878_multimap_counts.txt -p -s 2 -M -O --fraction -T 8 NA12878_sorted.bam,Count NA12878 reads including multi-mapping and multi-overlapping reads with fractional counts assigned to each feature,rna-seq
featurecounts,featurecounts,featurecounts_05,-a gencode.v44.annotation.gtf -o NA12878_exon_counts.txt -f -p -s 2 -T 8 NA12878_sorted.bam,Count reads at the exon level (-f) for differential exon usage analysis of NA12878,rna-seq
featurecounts,featurecounts,featurecounts_06,-a gencode.v44.annotation.gtf -o NA12878_junction_counts.txt -p -s 2 -J -G GRCh38.fa -T 8 NA12878_sorted.bam,Count reads supporting each exon-exon junction in NA12878 RNA-seq using the GRCh38 genome to refine junction counting,rna-seq
featurecounts,featurecounts,featurecounts_07,-a K562_peaks.saf -F SAF -o K562_peak_counts.txt -s 0 -T 8 K562_peaks_sorted.bam,Count ChIP-seq reads per peak region for K562 using a SAF-format peak file,epigenomics
find,find,find_01,. -name '*.fastq.gz' -type f,Find all gzipped FASTQ files in the current directory tree,system-tools
find,find,find_02,. -name '*.bam' -mtime +30,Find BAM files not modified in the last 30 days for archival or cleanup,system-tools
find,find,find_03,. -name '*.bam' -size +10G,Find BAM files larger than 10 GB to check disk usage,system-tools
find,find,find_04,. -name '*.vcf.gz' -type f -exec tabix -f -p vcf {} \;,Index every gzipped VCF file found in the tree with tabix,system-tools
find,find,find_05,. -name '*.bam' -type f -print0 | xargs -0 -n 1 samtools quickcheck,Validate the integrity of all BAM files using NUL-safe piping to samtools quickcheck,system-tools
find,find,find_06,. -name '*.vcf' -newer GRCh38.dict,Find VCF files modified more recently than the GRCh38 sequence dictionary,system-tools
flye,flye,flye_01,flye --nano-raw ecoli_ont.fastq.gz --genome-size 5m --out-dir ecoli_flye --threads 32,Assemble the E. coli K12 genome from raw Oxford Nanopore reads,assembly
flye,flye,flye_02,flye --pacbio-raw HG002_clr.fastq.gz --genome-size 3g --out-dir HG002_clr_flye --threads 64,Assemble the human HG002 genome from raw PacBio CLR reads,assembly
flye,flye,flye_03,flye --pacbio-hifi HG002_hifi.fastq.gz --genome-size 3g --asm-coverage 40 --out-dir HG002_hifi_flye --threads 64,Assemble the human HG002 genome from PacBio HiFi reads using 40x coverage for the initial disjointig assembly,assembly
flye,flye,flye_04,flye --nano-hq r10_reads.fastq.gz --genome-size 135m --out-dir ath_flye --threads 32,Assemble the A. thaliana genome from Oxford Nanopore R10 Q20 reads,assembly
flye,flye,flye_05,flye --nano-raw zymo_ont.fastq.gz --meta --out-dir zymo_flye --threads 32 --iterations 3,Assemble a Zymo mock community metagenome from Oxford Nanopore reads in metagenome mode,assembly
flye,flye,flye_06,flye --pacbio-hifi reads.fastq.gz --genome-size 3g --scaffold --out-dir scaffolded_flye --threads 64,Assemble the human HG002 genome from HiFi reads with graph-based scaffolding enabled,assembly
flye,flye,flye_07,flye --nano-raw reads.fastq.gz --polish-target assembly.fasta --out-dir polisher_out --threads 32,Polish an existing assembly against raw Oxford Nanopore reads with the standalone Flye polisher,assembly
freebayes,freebayes,freebayes_01,-f GRCh38.fa -v NA12878_freebayes.vcf NA12878_final.bam,Call SNPs and indels from NA12878 whole-genome reads with freebayes,variant-calling
freebayes,freebayes,freebayes_02,-f GRCh38.fa -t BRCA1_BRCA2_panel.bed -v tumor_panel_freebayes.vcf tumor_exome.bam,Call variants only within the BRCA1/BRCA2 capture panel intervals,variant-calling
freebayes,freebayes,freebayes_03,-f GRCh38.fa -F 0.2 -C 5 --min-coverage 10 -v tumor_lowfreq_freebayes.vcf tumor_exome.bam,Detect low-frequency variants requiring 20% alternate fraction, at least 5 supporting reads and 10x coverage,variant-calling
freebayes,freebayes,freebayes_04,-f GRCh38.fa -r chrM -p 1 -v NA12878_mtdna.vcf NA12878_final.bam,Call mitochondrial variants assuming a haploid genome in the chrM region,variant-calling
freebayes,freebayes,freebayes_05,-f GRCh38.fa --gvcf -v NA12878_freebayes.g.vcf NA12878_final.bam,Emit a gVCF with reference blocks for cohort joint genotyping,variant-calling
freebayes,freebayes,freebayes_06,-f GRCh38.fa -K -v pooled_population_freebayes.vcf population_pool.bam,Call pooled population sequencing data with the continuous pooled model,variant-calling
freebayes,freebayes,freebayes_07,-f GRCh38.fa -L trio_bam.list -v trio_freebayes.vcf,Jointly call variants across a trio using a BAM list file,variant-calling
gatk,gatk,gatk_01,HaplotypeCaller -R GRCh38.fa -I NA12878_final.bam -O NA12878_hc.vcf.gz,Call germline SNPs and indels in NA12878 with HaplotypeCaller,variant-calling
gatk,gatk,gatk_02,HaplotypeCaller -R GRCh38.fa -I NA12878_final.bam -ERC GVCF -O NA12878.g.vcf.gz,Emit a per-sample gVCF with reference confidence blocks for cohort joint calling,variant-calling
gatk,gatk,gatk_03,GenotypeGVCFs -R GRCh38.fa -V NA12878.g.vcf.gz -V NA12891.g.vcf.gz -V NA12892.g.vcf.gz -O trio_joint_genotyped.vcf.gz,Jointly genotype the CEPH trio gVCFs into one cohort VCF,variant-calling
gatk,gatk,gatk_04,BaseRecalibrator -R GRCh38.fa -I NA12878_final.bam --known-sites dbsnp_151_GRCh38.vcf.gz -O NA12878_recal.table,Compute a base quality score recalibration table using dbSNP known sites,variant-calling
gatk,gatk,gatk_05,ApplyBQSR -R GRCh38.fa -I NA12878_final.bam --bqsr-recal-file NA12878_recal.table -O NA12878_bqsr.bam,Apply the recalibration table to produce a base-quality-recalibrated BAM,variant-calling
gatk,gatk,gatk_06,Mutect2 -R GRCh38.fa -I tumor_wes.bam -I normal_wes.bam --normal-sample NORMAL_ID --germline-resource af_only_gnomad_GRCh38.vcf.gz -O tumor_normal_somatic.vcf.gz,Call somatic SNVs and indels in a tumor-normal WES pair (the first BAM is the tumor),variant-calling
gatk,gatk,gatk_07,MarkDuplicates -I NA12878_final.bam -O NA12878_markdup.bam -M NA12878_dup_metrics.txt --CREATE_INDEX true,Mark PCR and optical duplicates and write duplication metrics,variant-calling
gatk,gatk,gatk_08,CollectWgsMetrics -I NA12878_markdup.bam -O NA12878_wgs_metrics.txt -R GRCh38.fa --COVERAGE_CAP 250,Compute whole-genome sequencing coverage and mean-depth metrics,variant-calling
git,git,git_01,clone --depth 1 --branch v3.10 https://github.com/nf-core/rnaseq.git,Shallow-clone the nf-core/rnaseq pipeline at branch v3.10 with history truncated to one commit,system-tools
git,git,git_02,commit -m 'add DESeq2 differential expression analysis script',Commit the staged changes with a descriptive message about the new DE script,system-tools
git,git,git_03,push -u origin main,Push the main branch to origin and set the upstream tracking reference,system-tools
git,git,git_04,log --oneline --graph --decorate -15,View the last 15 commits as a one-line decorated graph of the branch history,system-tools
git,git,git_05,diff HEAD~2 -- scripts/,Show the changes introduced in the last two commits limited to the scripts directory,system-tools
git,git,git_06,stash push -m 'WIP: bamqc configuration',Stash the current working tree changes with a message to switch branches cleanly,system-tools
grep,grep,grep_01,-c '^@' NA12878_R1.fastq,Count the number of reads in the NA12878 FASTQ file by counting header lines,system-tools
grep,grep,grep_02,-E '^>chr[0-9XYM]+$' GRCh38.fa,List the main chromosome FASTA headers of the GRCh38 reference,system-tools
grep,grep,grep_03,-v '^##' NA12878.vcf | head -20,Display the first 20 variant records of NA12878 without the VCF meta-information lines,system-tools
grep,grep,grep_04,"-rEn 'N{20,}' genome_assembly/",Find lines containing long stretches of at least 20 N bases across the genome assembly directory,system-tools
grep,grep,grep_05,-c -E '^chr1	' NA12878.bed,Count BED intervals on chromosome 1 in the NA12878 file,system-tools
grep,grep,grep_06,-l 'PASS' variants/*.vcf,List VCF files under variants/ that contain at least one PASS variant,system-tools
gtdbtk,gtdbtk,gtdbtk_01,classify_wf --genome_dir genomes/ --out_dir gtdbtk_out --cpus 16 --extension fna,Classify 100 bacterial isolate genomes by placement in the GTDB reference tree and assign GTDB taxonomy,taxonomy
gtdbtk,gtdbtk,gtdbtk_02,classify_wf --genome_dir mags/ --out_dir gtdbtk_mags --cpus 32 --extension fasta --prefix soil_mags,Classify soil metagenome-assembled genomes against GTDB with a custom output prefix for MAG naming,taxonomy
gtdbtk,gtdbtk,gtdbtk_03,classify_wf --batchfile genomes.tsv --out_dir gtdbtk_batch --cpus 16,Classify genomes listed in a batch file with optional per-genome translation tables against the GTDB reference tree,taxonomy
gtdbtk,gtdbtk,gtdbtk_04,classify_wf --genome_dir genomes_gz/ --out_dir gtdbtk_gz --cpus 16 --extension fna.gz,Classify gzipped FASTA genomes against GTDB by specifying the gz extension for compressed inputs,taxonomy
gtdbtk,gtdbtk,gtdbtk_05,classify_wf --genome_dir genomes/ --out_dir gtdbtk_skipscreen --cpus 16 --extension fna --skip_ani_screen,Classify genomes against GTDB skipping the ANI pre-screen to reduce runtime for already dereplicated MAG collections,taxonomy
gtdbtk,gtdbtk,gtdbtk_06,identify --genome_dir genomes/ --out_dir gtdbtk_identify --cpus 16 --extension fna,Run the first GTDB-Tk pipeline step to identify marker genes in bacterial genomes for subsequent alignment and tree placement,taxonomy
gtdbtk,gtdbtk,gtdbtk_07,align --identify_dir gtdbtk_identify --out_dir gtdbtk_align --cpus 16,Create a multiple sequence alignment of marker genes identified in the previous GTDB-Tk identify step for tree-based classification,taxonomy
hifiasm,hifiasm,hifiasm_01,hifiasm -o HG002.asm -t 32 HG002_hifi.fastq.gz,Assemble the human HG002 genome de novo from PacBio HiFi reads,assembly
hifiasm,hifiasm,hifiasm_02,hifiasm -o CHM13.asm -t 64 --ul CHM13_ul.fastq.gz CHM13_hifi.fastq.gz,Assemble the CHM13 genome from HiFi reads with ultra-long Oxford Nanopore reads for telomere-to-telomere assembly,assembly
hifiasm,hifiasm,hifiasm_03,hifiasm -o HG002_trio.asm -t 32 -1 HG002_paternal.yak -2 HG002_maternal.yak HG002_hifi.fastq.gz,Perform trio-binned assembly of HG002 from HiFi reads using paternal and maternal yak k-mer dumps,assembly
hifiasm,hifiasm,hifiasm_04,hifiasm -o HG002_hic.asm -t 32 --h1 hic_R1.fq.gz --h2 hic_R2.fq.gz HG002_hifi.fastq.gz,Phase and assemble the HG002 genome from HiFi reads using Hi-C reads,assembly
hifiasm,hifiasm,hifiasm_05,hifiasm -o ecoli_ont.asm -t 32 --ont ecoli_ont.fastq.gz,Assemble the E. coli genome from Oxford Nanopore simplex reads,assembly
hifiasm,hifiasm,hifiasm_06,hifiasm -o HG002_primary.asm -t 32 --primary HG002_hifi.fastq.gz,Assemble the HG002 genome from HiFi reads outputting a primary assembly and an alternate assembly,assembly
hifiasm,hifiasm,hifiasm_07,hifiasm -o HG002_dual.asm -t 32 --dual-scaf --h1 hic_R1.fq.gz --h2 hic_R2.fq.gz HG002_hifi.fastq.gz,Assemble the HG002 genome from HiFi reads with Hi-C dual scaffolding enabled,assembly
hisat2,hisat2,hisat2_01,hisat2-build -p 8 --ss GRCh38_splicesites.txt --exon GRCh38_exons.txt GRCh38.fa GRCh38_ht2,Build a splice-aware HISAT2 index for GRCh38 using known splice sites and exons derived from GENCODE annotations,alignment
hisat2,hisat2,hisat2_02,-x GRCh38_ht2 -1 NA12878_R1.fastq.gz -2 NA12878_R2.fastq.gz -S NA12878.sam --dta -p 8,Align paired-end RNA-seq reads from NA12878 to GRCh38 with --dta so alignments are tailored for StringTie transcript assembly,alignment
hisat2,hisat2,hisat2_03,-x GRCh38_ht2 -1 A549_R1.fastq.gz -2 A549_R2.fastq.gz -S A549.sam --dta --rna-strandness RF -p 8,Align strand-specific paired-end RNA-seq reads from A549 cells assuming a reverse-stranded (RF) library for accurate isoform quantification,alignment
hisat2,hisat2,hisat2_04,-x GRCh38_ht2 -U K562_RNA.fastq.gz -S K562.sam --dta,Align single-end RNA-seq reads from K562 cells to GRCh38 with transcript-assembler-friendly output,alignment
hisat2,hisat2,hisat2_05,-x GRCh38_ht2 -1 NA12878_R1.fastq.gz -2 NA12878_R2.fastq.gz --summary-file NA12878_alignment_summary.txt -S NA12878.sam -p 8,Align NA12878 RNA-seq reads and write the alignment summary statistics to a file for QC reporting,alignment
hisat2,hisat2,hisat2_06,-x GRCh38_ht2 -1 GM12878_R1.fastq.gz -2 GM12878_R2.fastq.gz --no-spliced-alignment -S GM12878.sam -p 8,Align GM12878 genomic DNA reads to GRCh38 with spliced alignment disabled for DNA-seq style mapping,alignment
hmmer,hmmer,hmmer_01,"\""hmmsearch --cpu 8 --tblout pfam_hits.tbl --domtblout pfam_hits.domtbl -E 1e-5 Pfam-A.hmm proteome.faa\""","\""Search a proteome against Pfam-A HMM profiles to assign protein family annotations with E-value 1e-5\""",phylogenetics
hmmer,hmmer,hmmer_02,"\""hmmscan --cpu 8 --tblout proteome_domains.tbl --domtblout proteome_domains.domtbl -E 1e-5 proteome.faa Pfam-A.hmm\""","\""Scan every protein in the proteome against the full Pfam-A HMM database for domain annotation\""",phylogenetics
hmmer,hmmer,hmmer_03,"\""hmmbuild -n kinase kinase.hmm kinase_alignment.sto\""","\""Build a profile HMM named kinase from a curated multiple sequence alignment in Stockholm format\""",phylogenetics
hmmer,hmmer,hmmer_04,"\""hmmbuild -A kinase_aligned.sto kinase.hmm kinase_alignment.sto\""","\""Build a kinase HMM and write the alignment of all sequences included in the final model\""",phylogenetics
hmmer,hmmer,hmmer_05,"\""hmmalign -o kinase_aligned.sto kinase.hmm novel_kinase_seqs.fa\""","\""Align novel kinase sequences to the existing kinase profile HMM for comparative analysis\""",phylogenetics
hmmer,hmmer,hmmer_06,"\""hmmscan --cpu 8 --cut_ga --tblout proteome_domains.tbl --domtblout proteome_domains.domtbl proteome.faa Pfam-A.hmm\""","\""Annotate protein domains using Pfam gathering thresholds for high-confidence"," standard annotations\""",phylogenetics
hmmer,hmmer,hmmer_07,"\""jackhmmer --cpu 8 -N 5 --tblout iter_hits.tbl query_protein.faa proteome.faa\""","\""Iteratively search a protein query against the proteome with jackhmmer (5 iterations) to expand the homolog set\""",phylogenetics
hmmer,hmmer,hmmer_08,"\""hmmsearch --cpu 8 --tblout high_conf_hits.tbl -T 50 kinase.hmm proteome.faa\""","\""Search the proteome for kinase domains requiring a bit score of at least 50 for high-confidence hits\""",phylogenetics
hmmer,hmmer,hmmer_09,hmmsearch --cpu 8 --max --tblout assembly.tbl -E 1e-3 genome.hmm matrix.faa,"\""run with maximum sensitivity (disable heuristics) (assembly.tbl", genome.hmm," matrix.faa)\""",sequence-utilities
hmmer,hmmer,hmmer_10,hmmsearch --cpu 8 -Z 1000000 --tblout reference.tbl -E 1e-5 counts.hmm variants.faa,"\""set effective database size for accurate E-values (reference.tbl", counts.hmm," variants.faa)\""",sequence-utilities
homer,homer,homer_01,"\""findMotifsGenome.pl GATA1_peaks.bed hg38 GATA1_motifs_out -size 200 -len 8",10,"12\""",Discover de novo transcription factor motifs enriched in GATA1 ChIP-seq peaks of human erythroid cells using 200 bp regions around peak centers,rna-seq
homer,homer,homer_02,findMotifsGenome.pl FoxA1_peaks.bed mm10 FoxA1_motifs_out -mask -size 100 -S 20,Find de novo and known motifs in FOXA1 ChIP-seq peaks of mouse liver masking repeat regions and optimizing up to 20 motifs over 100 bp fragments,rna-seq
homer,homer,homer_03,makeTagDirectory H3K27ac_tagdir H3K27ac_rep1.sam H3K27ac_rep2.sam -format sam -unique -fragLength 200,Create a HOMER tag directory from two SAM alignment files of human liver H3K27ac ChIP-seq keeping only uniquely mapping reads with 200 bp fragment extension,rna-seq
homer,homer,homer_04,annotatePeaks.pl H3K27ac_peaks.bed hg38 -gtf gencode.v44.annotation.gtf -m GATA1_motifs_out/homerResults.motifs,Annotate H3K27ac peaks from human liver ChIP-seq with nearest genes and genomic features using GENCODE v44 and scan peaks for discovered motifs,rna-seq
homer,homer,homer_05,findMotifs.pl hypoxia_upregulated_genes.txt mouse hypoxia_motif_out -len 10,Find promoter motifs enriched in genes upregulated under hypoxia in mouse from a gene list using the default mouse promoter set,rna-seq
homer,homer,homer_06,getDiffExpression.pl expression_counts.txt treated treated control control > diff_expression.txt,Identify differentially expressed genes between treated and control conditions with two replicates each using DESeq2-based HOMER analysis,rna-seq
humann3,humann3,humann3_01,--input gut_metagenome.fastq.gz --output humann_out --threads 8,Profile the functional capacity of a human gut metagenome quantifying gene family and pathway abundances per sample,functional-annotation
humann3,humann3,humann3_02,--input human_stool.fastq.gz --output humann_stool_out --threads 8 --taxonomic-profile stool_profiled.tsv,Profile stool metagenome functions using species-level pangenome selection guided by the MetaPhlAn taxonomic profile,functional-annotation
humann3,humann3,humann3_03,--input marine_metagenome.fastq.gz --output humann_marine_out --threads 16 --protein-database /databases/uniref90,Profile marine metagenome functions using a custom UniRef90 protein database for translated read alignment,functional-annotation
humann3,humann3,humann3_04,humann_join_tables --input humann_out --output combined_genefamilies.tsv --file-name genefamilies,Join genefamily abundance tables across all samples in a HUMAnN output directory into one combined table for differential abundance analysis,functional-annotation
humann3,humann3,humann3_05,humann_split_tables --input combined_genefamilies.tsv --output per_sample_tables --suffix _genefamilies,Split a combined gene family abundance table back into per-sample tables for individual sample-level analyses,functional-annotation
humann3,humann3,humann3_06,humann_rename_table --input genefamilies.tsv --output genefamilies_ko.tsv --names uniref90_ko,Map UniRef90 gene family identifiers to KEGG ortholog groups in a HUMAnN abundance table for pathway-level analysis,functional-annotation
humann3,humann3,humann3_07,humann_barplot --input genefamilies_ko.tsv --output ko_barplot --focal-metadata metadata.tsv --last-metadata group,Visualize differential KEGG pathway abundances between sample groups defined in the metadata file as a barplot,functional-annotation
igvtools,igvtools,igvtools_01,"\""count -z 5 -w 25 NA12878.sorted.bam NA12878.tdf hg38\""","\""Compute read coverage for NA12878 alignments as a tiled TDF file for IGV"," using 25 bp windows with zoom levels\""",annotation
igvtools,igvtools,igvtools_02,"\""count -z 5 -w 50 -e 200 NA12878.sorted.bam NA12878_ext200.tdf hg38\""","\""Compute coverage extending each read by 200 bp"," suitable for ChIP-seq signal visualization\""",annotation
igvtools,igvtools,igvtools_03,"\""sort NA12878.unsorted.bam NA12878.sorted.bam\""","\""Sort NA12878 alignments by genomic position for IGV display and downstream analysis\""",annotation
igvtools,igvtools,igvtools_04,"\""index NA12878.sorted.bam\""","\""Create a .bai index for the coordinate-sorted NA12878 BAM file\""",annotation
igvtools,igvtools,igvtools_05,"\""toTDF -z 5 RNAseq_expression.wig RNAseq_expression.tdf hg38\""","\""Convert a wiggle expression track into a tiled TDF file for fast IGV browsing\""",annotation
igvtools,igvtools,igvtools_06,"\""count -z 5 -w 25 --bases --strands NA12878.sorted.bam NA12878_strands.tdf hg38\""","\""Compute strand-specific base-level coverage counts for the NA12878 alignment\""",annotation
igvtools,igvtools,igvtools_07,"\""count -z 5 -w 100 -e 300 H3K27ac_chip.bam H3K27ac_coverage.tdf hg38\""","\""Generate a ChIP-seq coverage track for H3K27ac with 100 bp windows and 300 bp read extension\""",annotation
iqtree2,iqtree2,iqtree2_01,-s CO1_alignment.fa -m MFP -bb 1000 -nt AUTO --prefix CO1_tree,"\""Infer a maximum-likelihood tree for the CO1 alignment with ModelFinder Plus model selection and 1000 ultrafast bootstrap replicates\""",phylogenetics
iqtree2,iqtree2,iqtree2_02,-s 16S_alignment.fa -m TEST -B 1000 --alrt 1000 -nt AUTO --prefix 16S_tree,"\""Infer a 16S rRNA tree with standard model testing"," ultrafast bootstrap and SH-aLRT branch support\""",phylogenetics
iqtree2,iqtree2,iqtree2_03,-s mito_genomes.fa -m GTR+F+I+G4 --alrt 1000 -nt AUTO --prefix mito_tree,"\""Infer a mitochondrial genome tree under the GTR+F+I+G4 model with SH-aLRT support\""",phylogenetics
iqtree2,iqtree2,iqtree2_04,-s CO1_alignment.fa -m MFP -bb 1000 -o Gallus_gallus -nt AUTO --prefix CO1_rooted,"\""Infer a CO1 tree with Gallus gallus specified as the outgroup for rooting\""",phylogenetics
iqtree2,iqtree2,iqtree2_05,-s ortholog_proteins.faa -st AA -m MFP -B 1000 -nt AUTO --prefix protein_tree,"\""Infer a protein tree from an amino acid alignment with automatic model selection and ultrafast bootstrap\""",phylogenetics
iqtree2,iqtree2,iqtree2_06,-s CO1_alignment.fa -m MFP -b 100 -nt AUTO --prefix CO1_bs100,"\""Infer a CO1 tree with 100 standard (non-ultrafast) bootstrap replicates for comparison with UFBoot\""",phylogenetics
iqtree2,iqtree2,iqtree2_07,-s partitioned_alignment.fa -p partitions.txt -m MFP+MERGE -B 1000 --prefix partitioned_tree,"\""Infer a partitioned tree with ModelFinder merging of partition schemes and ultrafast bootstrap\""",phylogenetics
iqtree2,iqtree2,iqtree2_08,-s CO1_alignment.fa -m MFP -bb 1000 --redo --seed 12345 -nt AUTO --prefix CO1_tree_rerun,"\""Re-run the CO1 tree inference from scratch with a fixed random seed for reproducibility\""",phylogenetics
iqtree2,iqtree2,iqtree2_09,-s results.fasta -m MFP --alrt 1000 -B 1000 --bnni --prefix comprehensive_tree,infer tree with both SH-aLRT and ultrafast bootstrap (results.fasta),phylogenetics
iqtree2,iqtree2,iqtree2_10,-s matrix.fasta -m MFP -B 1000 --bnni --prefix resumed_tree --redo,resume interrupted analysis from checkpoint (matrix.fasta),phylogenetics
java,java,java_01,-Xmx8g -jar picard.jar MarkDuplicates -I NA12878.sorted.bam -O NA12878.marked.bam -M NA12878.dup_metrics.txt,Run Picard MarkDuplicates with a maximum heap of 8 GB,system-tools
java,java,java_02,-jar gatk-package-4.4.0.0-local.jar HaplotypeCaller -R GRCh38.fa -I NA12878.sorted.bam -O NA12878.vcf,Run GATK HaplotypeCaller on NA12878 to call germline variants against GRCh38,system-tools
java,java,java_03,-version,Print the installed Java runtime version,system-tools
java,java,java_04,-cp build/classes:lib/* com.example.VariantFilter -i in.vcf -o out.vcf,Run the VariantFilter class from the given classpath with input and output file arguments,system-tools
java,java,java_05,-Djava.io.tmpdir=/scratch/tmp -Xmx16g -jar picard.jar CollectWgsMetrics -I NA12878.sorted.bam -O NA12878.wgs_metrics.txt -R GRCh38.fa,Run Picard CollectWgsMetrics using /scratch/tmp for temporary files and a 16 GB heap,system-tools
java,java,java_06,-jar snpEff.jar -v GRCh38.105 NA12878.vcf > NA12878.ann.vcf,Annotate the NA12878 VCF with SnpEff against the GRCh38.105 database and show progress,system-tools
julia,julia,julia_01,"-e 'using BioSequences; println(reverse_complement(dna""ACGTACGT""))'",Compute the reverse complement of a DNA sequence with the BioSequences package,system-tools
julia,julia,julia_02,-t 8 process_reads.jl,Run the read processing script with 8 threads for parallel computation,system-tools
julia,julia,julia_03,-p 4 --project=. parallel_analysis.jl,Run the analysis script with 4 additional worker processes using the current project environment,system-tools
julia,julia,julia_04,"-e 'using Pkg; Pkg.add(""FASTX"")'",Install the FASTX package for FASTA/FASTQ parsing into the active environment,system-tools
julia,julia,julia_05,"-e 'using CSV; using DataFrames; df = CSV.read(""samples.tsv"", DataFrame); println(size(df))'",Read a sample metadata TSV into a DataFrame and print its dimensions,system-tools
julia,julia,julia_06,coverage_stats.jl GRCh38.fa NA12878.sorted.bam out.tsv,"Run the coverage statistics script with reference, BAM and output file arguments",system-tools
kallisto,kallisto,kallisto_01,index -i gencode_v44_kallisto.idx gencode.v44.transcripts.fa -t 16,Build a kallisto index from GENCODE v44 transcripts using 16 threads,rna-seq
kallisto,kallisto,kallisto_02,quant -i gencode_v44_kallisto.idx -o NA12878_kallisto -t 16 -b 100 NA12878_R1.fastq.gz NA12878_R2.fastq.gz,Quantify NA12878 paired-end RNA-seq with 100 bootstrap samples for uncertainty estimation in downstream differential analysis,rna-seq
kallisto,kallisto,kallisto_03,quant -i gencode_v44_kallisto.idx -o K562_single_quant --single -l 200 -s 20 -t 8 -b 100 K562_single.fastq.gz,Quantify single-end reads from K562 with an estimated mean fragment length of 200 bp and standard deviation of 20 bp,rna-seq
kallisto,kallisto,kallisto_04,quant -i gencode_v44_kallisto.idx -o A549_kallisto --rf-stranded -t 16 -b 100 A549_R1.fastq.gz A549_R2.fastq.gz,Quantify A549 paired-end reads from a reverse-stranded (rf) library for strand-aware isoform abundance,rna-seq
kallisto,kallisto,kallisto_05,quant -i gencode_v44_kallisto.idx -o NA12878_pseudobam --pseudobam -t 16 NA12878_R1.fastq.gz NA12878_R2.fastq.gz,Quantify NA12878 reads while saving transcriptome pseudoalignments to a BAM file for downstream splice analysis,rna-seq
kallisto,kallisto,kallisto_06,index -i GRCm39_kallisto.idx GRCm39_transcripts.fa -k 31 -t 8,Build a kallisto index for the mouse GRCm39 transcriptome with a 31-mer size,rna-seq
kb,kb,kb_01,count -i scRNA_index.idx -g t2g.txt -x 10xv3 -o kb_count_out --filter bustools scRNA_R1.fastq.gz scRNA_R2.fastq.gz,Run kallisto-bustools count pipeline for 10x Genomics v3 single-cell RNA-seq to generate a gene-barcode count matrix,single-cell
kb,kb,kb_02,ref -i scRNA_index.idx -g t2g.txt -f1 scRNA_cdna.fa -f2 scRNA_intron.fa -c1 scRNA_cdna_t2c.txt -c2 scRNA_intron_t2c.txt GRCh38.fa GRCh38.gtf,Build a kallisto-bustools reference index from GRCh38 genome and annotation for 10x single-cell RNA-seq analysis,single-cell
kb,kb,kb_03,count -i scRNA_index.idx -g t2g.txt -x 10xv3 -o kb_count_out --workflow standard --h5ad -t 8 scRNA_R1.fastq.gz scRNA_R2.fastq.gz,Run kb count with the standard workflow outputting an h5ad AnnData object for single-cell analysis in scanpy,single-cell
kb,kb,kb_04,count -i scRNA_index.idx -g t2g.txt -x 10xv2 -o kb_count_v2_out -t 8 scRNA_v2_R1.fastq.gz scRNA_v2_R2.fastq.gz,Process 10x Genomics v2 chemistry single-cell reads with the kallisto-bustools pipeline,single-cell
kb,kb,kb_05,count -i scRNA_index.idx -g t2g.txt -x 10xv3 --lamanno -o kb_rna_velocity_out -t 8 scRNA_R1.fastq.gz scRNA_R2.fastq.gz,Generate spliced-unspliced count matrices for RNA velocity analysis from 10x v3 scRNA-seq data,single-cell
kb,kb,kb_06,count -i scRNA_index.idx -g t2g.txt -x 10xv3 -o kb_count_out -w kb_workdir --overwrite -t 8 scRNA_R1.fastq.gz scRNA_R2.fastq.gz,Run kb count with explicit work directory and overwrite existing output files for a clean re-run,single-cell
kraken2,kraken2,kraken2_01,--db /databases/k2_standard --paired gut_metagenome_R1.fq.gz gut_metagenome_R2.fq.gz --output gut_kraken2.txt --report gut_kraken2_report.txt --threads 16,Classify paired-end reads from a human gut metagenome against the standard Kraken2 database to profile the intestinal bacterial community,metagenomics
kraken2,kraken2,kraken2_02,--db /databases/k2_pluspf --paired marine_metagenome_R1.fq.gz marine_metagenome_R2.fq.gz --output marine_kraken2.txt --report marine_kraken2_report.txt --confidence 0.2 --threads 16,Classify paired-end marine metagenome reads against the PlusPF database with a 0.2 confidence threshold to reduce false-positive taxonomic calls in diverse ocean samples,metagenomics
kraken2,kraken2,kraken2_03,--db /databases/k2_standard --paired soil_metagenome_R1.fq.gz soil_metagenome_R2.fq.gz --output soil_kraken2.txt --report soil_kraken2_report.txt --use-names --report-zero-counts --threads 8,Classify paired-end soil metagenome reads and write scientific species names with zero-count taxa included in the report for a complete soil microbial census,metagenomics
kraken2,kraken2,kraken2_04,--db /databases/k2_standard mock_community.fq.gz --output mock_kraken2.txt --report mock_kraken2_report.txt --confidence 0.1 --threads 4,Classify single-end reads of a defined bacterial mock community to validate classification accuracy against the known composition,metagenomics
kraken2,kraken2,kraken2_05,--db /databases/k2_standard --paired tumor_biopsy_R1.fq.gz tumor_biopsy_R2.fq.gz --output biopsy_kraken2.txt --report biopsy_kraken2_report.txt --classified-out classified#.fq --unclassified-out unclassified#.fq --threads 16,Classify paired-end reads from a colorectal tumor biopsy and split classified microbial reads from unclassified host reads to study the intratumoral microbiome,metagenomics
kraken2,kraken2,kraken2_06,--db /databases/k2_standard --paired human_stool_R1.fq.gz human_stool_R2.fq.gz --output stool_kraken2.txt --report stool_kraken2_report.txt --minimum-hit-groups 3 --confidence 0.15 --threads 16,Classify paired-end human stool metagenome reads with stringent settings requiring 3 hit groups and a 0.15 confidence threshold for robust species identification,metagenomics
kraken2,kraken2,kraken2_07,kraken2-build --standard --db /databases/k2_standard --threads 16,Download and build the standard Kraken2 database containing bacterial archaeal viral and human reference sequences for metagenomic classification,metagenomics
kraken2,kraken2,kraken2_08,kraken2-build --download-taxonomy --db /databases/k2_viral --threads 8,Download NCBI taxonomy as the first step of building a custom viral-focused Kraken2 database for virus surveillance,metagenomics
liftoff,liftoff,liftoff_01,-g GRCh37.gff3 GRCh38.fa GRCh37.fa -o GRCh38.lifted.gff3 -u unmapped_features.txt,"Lift the GRCh37 gene annotation (GRCh37.gff3) to the GRCh38 assembly, writing unmapped features separately",sequence-utilities
liftoff,liftoff,liftoff_02,-g GRCh37.gff3 GRCh38.fa GRCh37.fa -o GRCh38.lifted.gff3 -u unmapped_features.txt -p 8,Lift GRCh37 annotations to GRCh38 using 8 parallel alignment processes,sequence-utilities
liftoff,liftoff,liftoff_03,-g GRCh37.gff3 GRCh38.fa GRCh37.fa -o GRCh38.lifted.gff3 -exclude_partial,Lift annotations to GRCh38 and write partial or low-identity mappings to the unmapped file instead of the GFF output,sequence-utilities
liftoff,liftoff,liftoff_04,-g GRCh37.gff3 GRCh38.fa GRCh37.fa -o GRCh38.lifted.gff3 -a 0.9 -s 0.9,Lift annotations to GRCh38 requiring at least 90 percent feature coverage and 90 percent child-feature sequence identity,sequence-utilities
liftoff,liftoff,liftoff_05,-g GRCh37.gff3 GRCh38.fa GRCh37.fa -o GRCh38.lifted.gff3 -copies -sc 0.95,Lift annotations to GRCh38 and search for extra gene copies with at least 95 percent exon sequence identity,sequence-utilities
liftoff,liftoff,liftoff_06,-g GRCh37.gtf GRCh38.fa GRCh37.fa -o GRCh38.lifted.gtf -cds,"Lift the GRCh37 GTF annotation to GRCh38 and annotate the status (partial, missing start/stop) of each CDS",sequence-utilities
longshot,longshot,longshot_01,--bam HG002_ont_final.bam --ref GRCh38.fa --out HG002_ont_longshot.vcf,Call SNVs in HG002 Oxford Nanopore reads with the haplotype-aware model,variant-calling
longshot,longshot,longshot_02,--bam HG002_ont_final.bam --ref GRCh38.fa --out HG002_ont_longshot.vcf -O HG002_haplotagged.bam,Call SNVs and write a haplotagged BAM with HP tags for downstream phasing,variant-calling
longshot,longshot,longshot_03,--bam HG002_ont_final.bam --ref GRCh38.fa --out HG002_chr20_longshot.vcf -r chr20,Call SNVs only on chromosome 20,variant-calling
longshot,longshot,longshot_04,--bam HG002_ont_final.bam --ref GRCh38.fa --out HG002_genotyped_longshot.vcf -v HG002_potential_variants.vcf.gz,Genotype and phase variants from an existing VCF instead of de novo pileup calling,variant-calling
longshot,longshot,longshot_05,--bam HG002_ont_final.bam --ref GRCh38.fa --out HG002_longshot.vcf -c 10 -C 200,Require 10x minimum and 200x maximum coverage for candidate SNV sites,variant-calling
longshot,longshot,longshot_06,--bam HG002_ont_final.bam --ref GRCh38.fa --out HG002_unphased_longshot.vcf -n,Call SNVs without haplotype phasing for a faster genotyping-only run,variant-calling
macs2,macs2,macs2_01,callpeak -t H3K27ac_liver_tumor.bam -c liver_input_control.bam -f BAM -g hs -n H3K27ac_liver_tumor -q 0.05 --outdir macs2_results,Call H3K27ac histone modification peaks in ChIP-seq of human liver tumor tissue versus matched input control to identify active enhancer regions (human hg38),rna-seq
macs2,macs2,macs2_02,callpeak -t CTCF_HepG2_rep1.bam -c CTCF_HepG2_input.bam -f BAMPE -g hs -n CTCF_HepG2 -q 0.01 --outdir macs2_results,Call CTCF binding sites in paired-end ChIP-seq of the human HepG2 cell line using fragment-pair mode (BAMPE) for precise boundary localization,rna-seq
macs2,macs2,macs2_03,callpeak -t H3K27me3_ESC.bam -c ESC_input.bam -f BAM -g mm -n H3K27me3_mESC -q 0.05 --broad --broad-cutoff 0.1 --outdir macs2_results,Call broad H3K27me3 repressive domains in ChIP-seq of mouse embryonic stem cells to map Polycomb-silenced chromatin regions (mm10),rna-seq
macs2,macs2,macs2_04,callpeak -t ATAC_neurons.bam -f BAMPE -g hs -n ATAC_neurons --nomodel --shift -100 --extsize 200 -q 0.05 --outdir macs2_results,Call open chromatin peaks in ATAC-seq of differentiated human neurons using the nucleosome-free fragment model with 100 bp shift and 200 bp extension,rna-seq
macs2,macs2,macs2_05,callpeak -t H3K4me3_worm.bam -c worm_input.bam -f BED -g ce -n H3K4me3_worm -q 0.05 --outdir macs2_results,Call H3K4me3 promoter marks in ChIP-seq of the nematode Caenorhabditis elegans from BED alignment files to map active promoters genome-wide,rna-seq
macs2,macs2,macs2_06,bdgcmp -t H3K27ac_treatment.bdg -c H3K27ac_control.bdg -m subtract -o H3K27ac_diff_subtract.bdg,Subtract the control ChIP-seq signal track from the treatment H3K27ac bedGraph to obtain a noise-reduced differential signal track,rna-seq
macs2,macs2,macs2_07,bdgbroadcall -i H3K27me3_mESC.bdg -c 0.05 -l 2000 -g 10000 -o H3K27me3_mESC_broad_peaks.bed,Call broad H3K27me3 domains from a bedGraph signal track requiring a 0.05 peak cutoff a 2 kb minimum length and a 10 kb maximum gap,rna-seq
mafft,mafft,mafft_01,--auto SARS2_whole_genomes.fa > SARS2_genomes_aln.fa,Align SARS-CoV-2 whole-genome sequences with automatic selection of the best MAFFT strategy (--auto),phylogenetics
mafft,mafft,mafft_02,--localpair --maxiterate 1000 HIV_pol_sequences.fa > HIV_pol_aln.fa,Compute a highly accurate L-INS-i alignment of HIV polymerase sequences with 1000 iterative refinement cycles,phylogenetics
mafft,mafft,mafft_03,--globalpair --maxiterate 1000 TP53_isoforms.fa > TP53_aln.fa,Compute a G-INS-i global multiple alignment of TP53 isoforms for structure-oriented conservation analysis,phylogenetics
mafft,mafft,mafft_04,--retree 1 --maxiterate 0 16S_rRNA_collection.fa > 16S_aln.fa,Quickly align a large 16S rRNA sequence collection using the fast retree 1 mode without iterative refinement,phylogenetics
mafft,mafft,mafft_05,--auto --thread 16 --reorder gut_16S_repseqs.fa > gut_16S_aln.fa,Align gut microbiome 16S representative sequences using 16 threads and output sequences in aligned order,phylogenetics
mafft,mafft,mafft_06,--auto --op 2.0 --ep 0.5 --clustalout haemagglutinin_seqs.fa > HA_aln.aln,Align influenza haemagglutinin sequences with tuned gap penalties and output in CLUSTAL format for downstream tools,phylogenetics
manta,manta,manta_01,configManta.py --bam=NA12878_final.bam --referenceFasta=GRCh38.fa --runDir=manta_germline,Configure the germline Manta SV calling workflow for NA12878,structural-variants
manta,manta,manta_02,manta_germline/runWorkflow.py -m local -j 8,Execute the configured germline Manta workflow with 8 parallel jobs,structural-variants
manta,manta,manta_03,configManta.py --tumorBam=tumor_wes.bam --normalBam=normal_wes.bam --referenceFasta=GRCh38.fa --runDir=manta_somatic,Configure a tumor-normal Manta workflow for somatic SV detection,structural-variants
manta,manta,manta_04,manta_somatic/runWorkflow.py -m local -j 16,Run the configured somatic Manta workflow with 16 parallel jobs,structural-variants
manta,manta,manta_05,configManta.py --bam=NA12878_exome.bam --referenceFasta=GRCh38.fa --exome --runDir=manta_exome,Configure Manta in exome mode for targeted capture data,structural-variants
manta,manta,manta_06,configManta.py --bam=tumor_rna.bam --referenceFasta=GRCh38.fa --rna --runDir=manta_rna,Configure the RNA-seq Manta branch for fusion detection in tumor RNA reads,structural-variants
mash,mash,mash_01,sketch -k 21 -s 10000 -p 8 reference_genomes/*.fna -o reference_genomes.msh,Sketch 100 reference bacterial genomes with 21-mers and 10000 hashes each for fast genome distance estimation,metagenomics
mash,mash,mash_02,sketch -k 21 -s 100000 -r -p 16 gut_metagenome_reads.fq.gz -o gut_metagenome.msh,Sketch a human gut metagenome read set treating input as reads with a large sketch for contamination screening,metagenomics
mash,mash,mash_03,dist E_coli_K12.msh unknown_isolate.fna -p 8,Estimate the Mash distance between the E. coli K-12 reference sketch and an unknown clinical isolate genome to test species identity,metagenomics
mash,mash,mash_04,dist reference_genomes.msh isolate1.fna isolate2.fna isolate3.fna -p 8,Estimate Mash distances from reference genome sketches to three query isolates for rapid species identification,metagenomics
mash,mash,mash_05,triangle *.msh -p 8,Compute a lower-triangular Mash distance matrix among all sketched genomes for phylogenomic clustering,metagenomics
mash,mash,mash_06,screen reference_genomes.msh gut_metagenome_reads.fq.gz -p 16,Screen which reference bacterial genomes are present in a gut metagenome read set with containment and abundance estimates,metagenomics
mash,mash,mash_07,paste combined_samples.msh sample1.msh sample2.msh,Combine sketches of two samples into a single multi-sketch file for joint distance analyses,metagenomics
medaka,medaka,medaka_01,medaka_consensus -i reads.fastq -d assembly.fasta -o medaka_out -t 32,Polish a flye assembly of E. coli with Oxford Nanopore reads using the auto-selected model,assembly
medaka,medaka,medaka_02,medaka_consensus -i reads.fastq -d assembly.fasta -o medaka_out -m r1041_e82_400bps_sup_v5.2.0 -t 32,Polish an assembly with the R10.4.1 400bps sup model for maximum accuracy,assembly
medaka,medaka,medaka_03,medaka_consensus -i r10_reads.fastq -d assembly.fasta -o medaka_out -m r1041_e82_400bps_hac_g632 -t 32,Polish an ONT R10 assembly using the high-accuracy model,assembly
medaka,medaka,medaka_04,medaka_consensus -i reads.fastq -d assembly.fasta -o medaka_out -t 32 --bacteria,Polish a bacterial genome assembly with automatic bacterial model selection,assembly
medaka,medaka,medaka_05,medaka_consensus -i reads.fastq -d assembly.fasta -o medaka_out -p consensus -q -t 32,Polish an assembly writing per-base quality scores in FASTQ output,assembly
medaka,medaka,medaka_06,medaka_consensus -i reads.fastq -d assembly.fasta -o medaka_out -g -t 32,Polish an assembly leaving gaps unfilled with draft sequence,assembly
megahit,megahit,megahit_01,megahit -1 gut_R1.fq.gz -2 gut_R2.fq.gz -o gut_megahit -t 32 -m 0.9,Assemble a human gut metagenome from paired-end Illumina reads,assembly
megahit,megahit,megahit_02,megahit -1 soil_R1.fq.gz -2 soil_R2.fq.gz --presets meta-large -o soil_assembly -t 64 -m 0.9,Assemble a large and complex soil metagenome with the meta-large preset,assembly
megahit,megahit,megahit_03,megahit -1 ocean_R1.fq.gz -2 ocean_R2.fq.gz --presets meta-sensitive -o ocean_assembly -t 32 -m 0.9,Assemble a marine metagenome with the meta-sensitive preset for low-coverage microbes,assembly
megahit,megahit,megahit_04,megahit -r single_end_reads.fq.gz -o se_assembly -t 16 -m 0.9,Assemble a viral metagenome from single-end Illumina reads,assembly
megahit,megahit,megahit_05,megahit --12 interleaved.fq.gz -o interleaved_assembly -t 16 -m 0.9,Assemble a mock community metagenome from interleaved paired-end reads,assembly
megahit,megahit,megahit_06,megahit -1 R1.fq.gz -2 R2.fq.gz --k-min 21 --k-max 121 --k-step 10 --min-contig-len 500 -o custom_assembly -t 32 -m 0.9,Assemble a bacterial metagenome with a custom k-mer range and 500 bp minimum contig length,assembly
meme,meme,meme_01,p53_ChIPseq_peaks.fa -dna -oc meme_p53_out -nmotifs 5 -minw 8 -maxw 20 -revcomp -mod zoops,Discover de novo DNA motifs in sequences from p53 ChIP-seq peaks of human cells allowing one or more motif occurrences per sequence and searching both strands,rna-seq
meme,meme,meme_02,CTCF_peaks.fa -dna -oc meme_ctcf_out -nmotifs 3 -minw 10 -maxw 25 -revcomp -mod oops -p 8,Find up to 3 conserved DNA motifs in CTCF ChIP-seq peak sequences assuming exactly one occurrence per sequence and using 8 parallel processors,rna-seq
meme,meme,meme_03,kinase_domains.faa -protein -oc meme_kinase_out -nmotifs 10 -minw 4 -maxw 12 -mod zoops,Discover conserved protein sequence motifs in protein kinase domain sequences from diverse eukaryotic kinases to identify functional signatures,rna-seq
meme,meme,meme_04,immune_peaks.fa -dna -neg nonimmune_peaks.fa -oc meme_immune_out -nmotifs 6 -minw 6 -maxw 15 -revcomp -mod zoops,Discover immune-specific DNA motifs in ChIP-seq peak sequences using non-immune peaks as negative control sequences to enrich for condition-specific transcription factor binding,rna-seq
meme,meme,meme_05,fimo --oc fimo_promoters_out --thresh 1e-4 GATA1.meme hg38_promoters.fa,Scan human gene promoter sequences with the GATA1 position weight matrix to identify high-confidence GATA1 binding sites at a 1e-4 threshold,rna-seq
meme,meme,meme_06,tomtom -oc tomtom_out -evalue de_novo_motifs.meme JASPAR2024_CORE_vertebrates.meme,Compare de novo discovered motifs from human ChIP-seq against the JASPAR vertebrate motif database to identify the matching transcription factor,rna-seq
meme,meme,meme_07,streme --p FOXA1_peaks.fa --dna --oc streme_foxa1_out --nmotifs 10 --minw 6 --maxw 20,Rapidly discover enriched DNA motifs in FOXA1 ChIP-seq peak sequences of mouse liver using STREME with 6-20 bp motif widths,rna-seq
metabat2,metabat2,metabat2_01,-i soil_assembly.fa -a soil_depth.txt -o soil_bins/soil_bin -t 16 --minContig 1500,Bin contigs of a soil metagenome assembly using coverage depth and tetranucleotide frequency to recover metagenome-assembled genomes,metagenomics
metabat2,metabat2,metabat2_02,-i gut_assembly.fa -a gut_depth.txt -o gut_bins/gut_bin -t 16 -m 2000 --minClsSize 250000,Bin a human gut metagenome assembly with 2 kb minimum contigs and 250 kb minimum bin size to recover high-quality intestinal MAGs,metagenomics
metabat2,metabat2,metabat2_03,jgi_summarize_bam_contig_depths --outputDepth gut_depth.txt gut_sample1.bam gut_sample2.bam,Compute per-contig coverage depth from two BAM files of gut metagenome samples for use as the abundance file in MetaBAT2 binning,metagenomics
metabat2,metabat2,metabat2_04,-i marine_assembly.fa -o marine_bins/marine_bin -t 16 -m 2500,Bin a marine metagenome assembly using tetranucleotide frequency alone without abundance data restricting binning to contigs of at least 2.5 kb,metagenomics
metabat2,metabat2,metabat2_05,-i ocean_assembly.fa -a ocean_depth.txt -o ocean_bins/ocean_bin -t 16 --seed 42 --unbinned,Bin an ocean metagenome assembly with a fixed random seed for reproducible binning and write unbinned contigs to a separate file,metagenomics
metabat2,metabat2,metabat2_06,-i stool_assembly.fa -a stool_depth.txt -o stool_bins/stool_bin -t 16 -m 1500 --minS 70 --maxP 90,Bin a human stool metagenome assembly with stringent edge scoring to increase bin specificity and recover high-purity strain-resolved bins,metagenomics
metabat2,metabat2,metabat2_07,runMetaBat.sh -t 16 gut_assembly.fa gut_sample1.bam gut_sample2.bam,Run the MetaBAT2 wrapper that computes read depths from BAM files and bins the gut metagenome assembly in one step,metagenomics
metaphlan,metaphlan,metaphlan_01,gut_metagenome.fastq.gz --input_type fastq --nproc 8 --mapout gut_metagenome.bowtie2.bz2 -o gut_profiled.tsv,Profile species-level relative abundances in a paired-end human gut metagenome with MetaPhlAn saving the Bowtie2 mapping for later re-profiling,metagenomics
metaphlan,metaphlan,metaphlan_02,gut_metagenome.bowtie2.bz2 --input_type mapout -o gut_profiled.tsv,Re-compute the taxonomic profile of a human gut metagenome from a previously saved MetaPhlAn Bowtie2 mapping file without re-aligning reads,metagenomics
metaphlan,metaphlan,metaphlan_03,marine_metagenome.fastq.gz --input_type fastq --tax_lev g --nproc 8 -o marine_genus_profile.tsv,Profile genus-level abundances in a marine metagenome to compare community composition across ocean depth strata,metagenomics
metaphlan,metaphlan,metaphlan_04,human_stool.fastq.gz --input_type fastq --tax_lev s --ignore_eukaryotes --nproc 8 -o stool_species_profile.tsv,Profile species-level abundances in human stool metagenome reads while ignoring eukaryotic organisms to focus on the bacterial microbiome,metagenomics
metaphlan,metaphlan,metaphlan_05,gut_metagenome.sam --input_type sam --nreads 20000000 --nproc 8 -o gut_profile_from_sam.tsv,Profile a human gut metagenome from an existing Bowtie2 SAM alignment providing the total read count for accurate abundance scaling,metagenomics
metaphlan,metaphlan,metaphlan_06,ocean_metagenome.fastq.gz --input_type fastq --CAMI_format_output --nproc 8 -o ocean_cami_profile.tsv,Profile an ocean metagenome and output the taxonomic profile in CAMI benchmarking format for comparison with other profiling tools,metagenomics
metaphlan,metaphlan,metaphlan_07,-1 soil_R1.fq.gz -2 soil_R2.fq.gz --input_type fastq --nproc 8 -o soil_profile.tsv,Profile species abundances from separate paired-end FASTQ files of a soil metagenome to study rhizosphere microbial diversity,metagenomics
methyldackel,methyldackel,methyldackel_01,extract -o NA12878.meth GRCh38.fa NA12878.bismark.sorted.bam,Extract CpG/CHG/CHH methylation metrics from the NA12878 bisulfite BAM into per-context bedGraph files,alignment
methyldackel,methyldackel,methyldackel_02,extract -q 20 -p 10 -d 5 -o NA12878.meth GRCh38.fa NA12878.bismark.sorted.bam,"Extract NA12878 methylation requiring MAPQ >= 20, base quality >= 10 and per-base depth of at least 5",alignment
methyldackel,methyldackel,methyldackel_03,extract --mergeContext -o NA12878.meth GRCh38.fa NA12878.bismark.sorted.bam,Extract NA12878 methylation and merge per-cytosine metrics into per-CpG and per-CHG metrics,alignment
methyldackel,methyldackel,methyldackel_04,extract --keepDupes -o NA12878.meth GRCh38.fa NA12878.bismark.sorted.bam,Extract NA12878 methylation including alignments marked as duplicates,alignment
methyldackel,methyldackel,methyldackel_05,extract -r chr1:1000000-2000000 -o NA12878.chr1.meth GRCh38.fa NA12878.bismark.sorted.bam,"Extract NA12878 methylation restricted to the chr1:1,000,000-2,000,000 region",alignment
methyldackel,methyldackel,methyldackel_06,mbias GRCh38.fa NA12878.bismark.sorted.bam NA12878.mbias,Compute position-dependent methylation bias along NA12878 reads and produce diagnostic M-bias plots,alignment
miniasm,miniasm,miniasm_01,miniasm -f reads.fa overlaps.paf > assembly.gfa,Assemble a bacterial genome from Oxford Nanopore reads using minimap2 overlaps in PAF format,assembly
miniasm,miniasm,miniasm_02,miniasm -R -f reads.fa overlaps.paf > assembly.gfa,Assemble with two-pass read selection prefiltering clearly contained reads,assembly
miniasm,miniasm,miniasm_03,miniasm -m 150 -i 0.1 -f reads.fa overlaps.paf > assembly.gfa,Assemble a yeast genome with a minimum match length of 150 bp and 10 percent identity cutoff,assembly
miniasm,miniasm,miniasm_04,miniasm -f reads.fa -s 1000 -c 5 overlaps.paf > assembly.gfa,Assemble a fungal genome from nanopore reads requiring 1 kb span and 5x coverage,assembly
miniasm,miniasm,miniasm_05,miniasm -p sg -f reads.fa overlaps.paf > string_graph.gfa,Assemble a bacterial genome outputting the string graph instead of unitigs,assembly
miniasm,miniasm,miniasm_06,miniasm -1 -2 -f reads.fa overlaps.paf > assembly.gfa,Assemble from pre-selected reads skipping both read selection passes,assembly
minimap2,minimap2,minimap2_01,-d GRCh38.mmi GRCh38.fa,Dump a minimap2 index of the human GRCh38 reference to a .mmi file for repeated reuse across samples,alignment
minimap2,minimap2,minimap2_02,-a -t 16 -x map-ont -R '@RG\tID:NA24385\tSM:NA24385\tPL:ONT' GRCh38.mmi NA24385_nanopore.fastq.gz,"Align Oxford Nanopore reads from NA24385 to GRCh38 with the map-ont preset, emitting SAM with a read group header",alignment
minimap2,minimap2,minimap2_03,-a -t 16 -x map-hifi -R '@RG\tID:HG002\tSM:HG002\tPL:PB' GRCh38.mmi HG002_hifi.fastq.gz,Align PacBio HiFi reads from HG002 to GRCh38 with the map-hifi preset for high-accuracy long-read mapping,alignment
minimap2,minimap2,minimap2_04,-a -t 16 -x splice --MD GRCh38.mmi GM12878_iso-seq.fastq.gz,Perform spliced alignment of PacBio Iso-Seq transcript reads from GM12878 against GRCh38 with MD tags for downstream analysis,alignment
minimap2,minimap2,minimap2_05,-a -t 16 -x sr GRCh38.mmi NA12878_R1.fastq.gz NA12878_R2.fastq.gz,Map Illumina short paired-end reads from NA12878 to GRCh38 using the sr preset as a BWA-compatible alternative,alignment
minimap2,minimap2,minimap2_06,-a -t 16 -x asm5 T2T-CHM13.fa hifiasm_CHM13_contigs.fa,Map a hifiasm assembly of CHM13 contigs to the T2T-CHM13 reference with the asm5 preset for assembly quality assessment,alignment
minimap2,minimap2,minimap2_07,-a -t 8 -x map-pb --MD -o m64047_GRCh38.sam GRCh38.mmi m64047_ccs.fastq.gz,Align PacBio CCS reads from sequencing run m64047 to GRCh38 with MD tags and write the SAM output to a file,alignment
mmseqs2,mmseqs2,mmseqs2_01,easy-search proteome_HG002.faa uniref50.faa HG002_hits.tsv tmp --min-seq-id 0.3 -c 0.5 --format-mode 4 --threads 16,"Search the HG002 proteome against UniRef50 for homologous proteins, requiring 30 percent identity and 50 percent coverage",sequence-utilities
mmseqs2,mmseqs2,mmseqs2_02,easy-cluster proteome_all.faa proteome_clu tmp --min-seq-id 0.9 -c 0.8 --cov-mode 0 --threads 16,Cluster protein sequences at 90 percent sequence identity with 80 percent mutual coverage to define unique proteins,sequence-utilities
mmseqs2,mmseqs2,mmseqs2_03,createdb gut_metagenome_proteins.faa gut_proteinsDB,Convert a gut metagenome protein FASTA file into an MMseqs2 sequence database,sequence-utilities
mmseqs2,mmseqs2,mmseqs2_04,easy-linclust gut_metagenome_proteins.faa gut_linclu tmp --min-seq-id 0.5 -c 0.8 --threads 32,Linearly cluster a very large set of gut metagenome proteins at 50 percent identity for redundancy reduction,sequence-utilities
mmseqs2,mmseqs2,mmseqs2_05,search gut_proteinsDB eggNOGDB gut_vs_eggnogDB tmp -s 6 -e 1e-3 --min-seq-id 0.3 && convertalis gut_proteinsDB eggNOGDB gut_vs_eggnogDB gut_hits.tsv --format-mode 4,Search the gut protein database against eggNOG in database mode and convert the alignment database to BLAST tabular TSV,sequence-utilities
mmseqs2,mmseqs2,mmseqs2_06,easy-search novel_genes.faa swissprot.faa novel_annot.tsv tmp -s 7.5 --format-mode 4 --threads 8,Annotate novel gene products against Swiss-Prot with a sensitive default search outputting tabular results,sequence-utilities
modkit,modkit,modkit_01,"\""pileup --ref GRCh38.fa --cpg -t 8 NA12878.modbam.bam NA12878.cpg.bedmethyl\""","\""Generate a 5mC bedMethyl pileup of CpG sites for NA12878 from an Oxford Nanopore modBAM\""",epigenomics
modkit,modkit,modkit_02,"\""pileup --ref GRCh38.fa --cpg --combine-strands -t 8 NA12878.modbam.bam NA12878.cpg.combined.bedmethyl\""","\""Pileup CpG methylation combining counts from both strands into a single bedMethyl table\""",epigenomics
modkit,modkit,modkit_03,"\""pileup --ref GRCh38.fa --cpg --region chr1:1-10000000 -t 8 NA12878.modbam.bam NA12878.chr1.bedmethyl\""","\""Pileup CpG methylation restricted to the first 10 Mb of chromosome 1\""",epigenomics
modkit,modkit,modkit_04,"\""pileup --ref GRCh38.fa --cpg --include-bed CpG_islands_hg38.bed -t 8 NA12878.modbam.bam NA12878.cpg_islands.bedmethyl\""","\""Pileup CpG methylation only at positions overlapping annotated CpG islands\""",epigenomics
modkit,modkit,modkit_05,"\""summary -t 8 --tsv NA12878.modbam.bam\""","\""Summarize the modification tags in the NA12878 modBAM as a tab-separated table of calls and statistics\""",epigenomics
modkit,modkit,modkit_06,"\""extract full --reference GRCh38.fa -t 8 NA12878.modbam.bam NA12878.extract.tsv\""","\""Extract read-level base modification probabilities from the modBAM into a TSV with reference context\""",epigenomics
modkit,modkit,modkit_07,"\""dmr pair --ref GRCh38.fa -a tumor.cpg.bedmethyl -b normal.cpg.bedmethyl -o tumor_vs_normal.dmr.bed\""","\""Call differentially methylated regions between tumor and normal samples from their bedMethyl piles\""",epigenomics
modkit,modkit,modkit_08,"\""pileup-hemi --ref GRCh38.fa --cpg NA12878.modbam.bam -o NA12878.hemi.bedmethyl\""","\""Tabulate double-stranded CpG methylation patterns to assess hemi-methylation in NA12878\""",epigenomics
modkit,modkit,modkit_09,pileup --ref reads.fasta --cpg --combine-strands raw.bam aligned.bedmethyl,"\""I want the result of generate bedMethyl and combine CpG sites on both strands (reads.fasta", raw.bam," aligned.bedmethyl)\""",epigenomics
modkit,modkit,modkit_10,extract --ref analysis.fasta --mod-code m assembly.bam annotated.tsv,"\""In my analysis", I need to extract per-read modification data to TSV (analysis.fasta, assembly.bam," annotated.tsv)\""",epigenomics
mosdepth,mosdepth,mosdepth_01,-t 8 -n HG002.depth HG002.sorted.bam,"Compute HG002 sequencing depth with 8 threads, skipping per-base output and writing only summary and global distribution",alignment
mosdepth,mosdepth,mosdepth_02,-t 8 -n --by targets.bed NA12878.target_depth NA12878.sorted.bam,Compute mean depth per BED region for the NA12878 targeted panel,alignment
mosdepth,mosdepth,mosdepth_03,"-t 8 -n -Q 30 --thresholds 10,20,30 NA12878.thr NA12878.sorted.bam","Compute NA12878 depth using reads with MAPQ >= 30, reporting bases covered at 10x, 20x and 30x thresholds",alignment
mosdepth,mosdepth,mosdepth_04,-t 8 -n --quantize 0:1:10:20:50:100:500:5000 NA12878.quant NA12878.sorted.bam,"Quantize NA12878 depth into fixed bins (0-1x, 1-10x, 10-20x, etc.) to shrink output size",alignment
mosdepth,mosdepth,mosdepth_05,-x -t 8 -n HG002.fastdepth HG002.sorted.bam,"Compute HG002 depth in fast mode, ignoring internal CIGAR operations and mate-overlap correction",alignment
mosdepth,mosdepth,mosdepth_06,-c chr21 -t 4 -n NA12878.chr21 NA12878.sorted.bam,Restrict NA12878 depth calculation to chromosome 21,alignment
multiqc,multiqc,multiqc_01,. -o multiqc_report/ -f,aggregate all QC results from the current directory into a single report,qc
multiqc,multiqc,multiqc_02,/path/to/results/ -o /path/to/qc_summary/ -n project_qc_report -f,aggregate QC results from a specific results directory,qc
multiqc,multiqc,multiqc_03,/results/ --ignore /results/old_run/ -o multiqc_output/ -f,run multiqc ignoring a specific subdirectory,qc
multiqc,multiqc,multiqc_04,. --flat -o flat_report/ -f,generate a multiqc report with flat (non-interactive) output suitable for PDF,qc
multiqc,multiqc,multiqc_05,"\""results/ -i \""\""WGS QC report\""\"" -o multiqc_report/ -f\""","\""Generate a report with a custom title for a WGS QC run (results/"," multiqc_report/)\""",qc
multiqc,multiqc,multiqc_06,"\""results/ --data-format json --no-report -o parsed_data/ -f\""","\""Export parsed QC data in JSON format without generating the HTML report (results/"," parsed_data/)\""",qc
multiqc,multiqc,multiqc_07,"\""results/ --zip-data-dir -o multiqc_report/ -f\""","\""Generate the report and compress the parsed-data directory into a zip archive (results/"," multiqc_report/)\""",qc
multiqc,multiqc,multiqc_08,results/ --sample-names raw.tsv -o renamed_report/ -f,rename samples using a TSV file (raw.tsv),qc
multiqc,multiqc,multiqc_09,results/ --replace-names genome.tsv -o renamed_report/ -f,replace sample names with new names (genome.tsv),qc
multiqc,multiqc,multiqc_10,results/ --data-format json --no-report -o data_only/ -f,export data in JSON format for downstream analysis,qc
mummer,mummer,mummer_01,nucmer -p hg38_vs_chm13 GRCh38.fa T2T-CHM13v2.0.fa,"Align the GRCh38 reference against the T2T-CHM13 human assembly with nucmer, producing the hg38_vs_chm13.delta file",alignment
mummer,mummer,mummer_02,nucmer --mum -p hg38_vs_chm13_mum GRCh38.fa T2T-CHM13v2.0.fa,Align GRCh38 to T2T-CHM13 using only anchor matches unique in both genomes for variant-level comparison,alignment
mummer,mummer,mummer_03,nucmer --maxmatch --nosimplify -p hg38_self GRCh38.fa GRCh38.fa,Self-align GRCh38 with all matches and without simplification to detect repetitive regions,alignment
mummer,mummer,mummer_04,show-coords -c -r -T hg38_vs_chm13.delta > hg38_vs_chm13.coords,"Convert the nucmer delta file to a tab-delimited coordinate table with percent coverage, sorted by reference",alignment
mummer,mummer,mummer_05,show-snps -ClrT hg38_vs_chm13.delta > hg38_vs_chm13.snps,Extract SNPs between GRCh38 and T2T-CHM13 from unique alignment regions in tab-delimited format without indels,alignment
mummer,mummer,mummer_06,delta-filter -1 -i 95 -l 1000 hg38_vs_chm13.delta > hg38_vs_chm13.filtered.delta,Keep only 1-to-1 alignments with at least 95 percent identity and 1000 bp length for structural variant analysis,alignment
muscle,muscle,muscle_01,-align SARS2_spike_proteins.fa -output SARS2_spike_aln.afa,Align SARS-CoV-2 spike protein sequences with MUSCLE v5 for downstream phylogenetic or domain analysis,phylogenetics
muscle,muscle,muscle_02,-super5 gut_metagenome_proteins.fa -output gut_metagenome_aln.afa,Align a large set of gut metagenome protein sequences (more than a few hundred) using the Super5 algorithm,phylogenetics
muscle,muscle,muscle_03,-align TP53_orthologs.fa -perm abc -perturb 42 -output TP53_replicate.afa,Generate a replicate alignment of TP53 orthologs with guide tree permutation abc and perturbation seed 42 to assess alignment robustness,phylogenetics
muscle,muscle,muscle_04,-align cytB_mammals.fa -stratified -output cytB_ensemble.efa,Create a stratified ensemble of alignments for mammalian cytochrome b sequences to estimate alignment uncertainty,phylogenetics
muscle,muscle,muscle_05,-maxcc cytB_ensemble.efa -output cytB_maxcc.afa,Extract the ensemble replicate with the highest total column confidence for mammalian cytochrome b,phylogenetics
muscle,muscle,muscle_06,-letterconf cytB_ensemble.efa -ref cytB_maxcc.afa -output cytB_letterconf.afa,Calculate per-residue letter confidence values for the cytochrome b alignment against the best ensemble replicate,phylogenetics
nanocomp,nanocomp,nanocomp_01,--fastq run1.fastq.gz run2.fastq.gz --names Run1 Run2 --outdir nanocomp_report -t 8,"\""Compare read length and quality distributions between two Oxford Nanopore runs\""",long-reads
nanocomp,nanocomp,nanocomp_02,--fastq barcode01.fastq.gz barcode02.fastq.gz barcode03.fastq.gz --names BC01 BC02 BC03 --outdir barcode_comparison -t 8,"\""Compare three demultiplexed barcodes from a multiplexed PromethION run\""",long-reads
nanocomp,nanocomp,nanocomp_03,--bam sample1.bam sample2.bam --names Sample1 Sample2 --outdir bam_comparison -t 8,"\""Compare alignment-level metrics including percent identity between two samples\""",long-reads
nanocomp,nanocomp,nanocomp_04,--summary summary1.txt summary2.txt --names Run1 Run2 --outdir summary_comparison -t 8,"\""Compare runs using Guppy sequencing summary files for fast quality assessment\""",long-reads
nanocomp,nanocomp,nanocomp_05,--fastq run1.fastq.gz run2.fastq.gz --names Run1 Run2 --outdir nanocomp_report -t 8 --minlength 500 --maxlength 50000,"\""Compare runs using reads in the 500 bp to 50 kb length range\""",long-reads
nanocomp,nanocomp,nanocomp_06,--fastq run1.fastq.gz run2.fastq.gz --names Run1 Run2 --outdir nanocomp_report -t 8 --loglength,"\""Compare runs with read lengths plotted on a log scale\""",long-reads
nanocomp,nanocomp,nanocomp_07,--fastq run1.fastq.gz run2.fastq.gz --names Run1 Run2 --outdir nanocomp_report -t 8 --title R10.4.1_vs_R9.4.1,"\""Compare an R10.4.1 run against an R9.4.1 run with a descriptive plot title\""",long-reads
nanocomp,nanocomp,nanocomp_08,NanoComp --bam sample.bam sorted.bam annotated.bam --names Sample1 Sample2 Sample3 --outdir bam_comparison/,"\""My goal is to compare multiple BAM files from different samples (sample.bam", sorted.bam," annotated.bam)\""",qc
nanocomp,nanocomp,nanocomp_09,NanoComp --summary reads.txt aligned.txt --names Run1 Run2 --plot ridge --outdir summary_comparison/,"\""I want the result of compare runs using sequencing summary files with ridge plots (reads.txt"," aligned.txt)\""",qc
nanocomp,nanocomp,nanocomp_10,NanoComp --fastq genome.fastq.gz --names $(ls genome.fastq.gz,"\""In my analysis"," I need to compare samples filtering out reads shorter than 1 kb (genome.fastq.gz)\""",qc
nanoplot,nanoplot,nanoplot_01,--fastq basecalled.fastq.gz --outdir nanoplot_report -t 8,"\""Generate read length and quality plots for an Oxford Nanopore PromethION run from basecalled FASTQ\""",long-reads
nanoplot,nanoplot,nanoplot_02,--bam aligned.bam --outdir nanoplot_report -t 8,"\""Generate QC plots including percent identity and mapping quality from aligned ONT reads\""",long-reads
nanoplot,nanoplot,nanoplot_03,--bam raw.bam -o bam_qc/ -p aligned_sample,plot quality statistics for aligned BAM file (raw.bam),qc
nanoplot,nanoplot,nanoplot_04,--fastq basecalled.fastq.gz --outdir nanoplot_report -t 8 --minlength 200 --maxlength 50000,"\""Plot QC metrics for reads filtered to the 200 bp to 50 kb length range\""",long-reads
nanoplot,nanoplot,nanoplot_05,--fastq basecalled.fastq.gz --outdir nanoplot_report -t 8 --loglength --N50,"\""Plot read lengths on a log scale with the N50 value annotated on the histogram\""",long-reads
nanoplot,nanoplot,nanoplot_06,--fastq basecalled.fastq.gz --outdir nanoplot_report -t 8 --color yellow,"\""Generate standard QC plots with a custom yellow color scheme for the histograms\""",long-reads
nanoplot,nanoplot,nanoplot_07,--bam reads.bam -o bam_qc/ -p aligned_sample,I need to plot quality statistics for aligned BAM file (reads.bam),qc
nanoplot,nanoplot,nanoplot_08,--bam aligned.bam --outdir nanoplot_report -t 8 --downsample 100000,"\""Plot QC metrics from a random subsample of 100000 aligned reads for a very large dataset\""",long-reads
nanoplot,nanoplot,nanoplot_09,--fastq matrix.fastq.gz -o nanoplot_output/ -p sample_qc,I want the result of generate quality plots from Oxford Nanopore FASTQ reads (matrix.fastq.gz),qc
nanoplot,nanoplot,nanoplot_10,--summary matrix.txt -o nanoplot_summary/ -p run_qc,"\""In my analysis"," I need to generate quality statistics from ONT sequencing summary file (matrix.txt)\""",qc
nanostat,nanostat,nanostat_01,--fastq basecalled.fastq.gz --outdir nanostat_report -t 8,"\""Compute read count", N50," mean length and total bases for an ONT FASTQ dataset\""",long-reads
nanostat,nanostat,nanostat_02,--bam aligned.bam --outdir nanostat_report -t 8,"\""Compute statistics including percent identity from aligned ONT reads\""",long-reads
nanostat,nanostat,nanostat_03,--bam filtered.bam --name aligned_stats,get statistics from aligned BAM file (filtered.bam),qc
nanostat,nanostat,nanostat_04,--fastq basecalled.fastq.gz --outdir nanostat_report --name run1 -t 8,"\""Compute FASTQ statistics labeling the output files with the run name run1\""",long-reads
nanostat,nanostat,nanostat_05,--fastq basecalled.fastq.gz --outdir nanostat_report --lengths -t 8,"\""Compute statistics and write the per-read length distribution to a file\""",long-reads
nanostat,nanostat,nanostat_06,--bam processed.bam --name aligned_stats,How can I get statistics from aligned BAM file? (processed.bam),qc
nanostat,nanostat,nanostat_07,--fastq basecalled.fastq.gz --outdir nanostat_report -t 8 --barcoded,"\""Compute per-barcode statistics for a multiplexed barcode-demultiplexed dataset\""",long-reads
nanostat,nanostat,nanostat_08,--summary variants.txt --name run_qc,My goal is to get statistics from ONT sequencing summary (variants.txt),qc
nanostat,nanostat,nanostat_09,--bam variants.bam --name aligned_stats,I want the result of get statistics from aligned BAM file (variants.bam),qc
nanostat,nanostat,nanostat_10,--fastq genome.fastq.gz --name sample_name,"\""In my analysis"," I need to get statistics for ONT FASTQ reads (genome.fastq.gz)\""",qc
nextflow,nextflow,nextflow_01,run nf-core/rnaseq -profile docker -resume,"Run the nf-core/rnaseq pipeline with the docker profile, resuming from the last cached execution",workflow
nextflow,nextflow,nextflow_02,run main.nf -profile cluster -with-report report.html -with-timeline timeline.html -with-dag dag.svg,"Run the local pipeline with the cluster profile and generate execution report, timeline and DAG files",workflow
nextflow,nextflow,nextflow_03,run nf-core/sarek -profile singularity -resume -bg,"Run the nf-core/sarek variant calling pipeline with singularity in the background, resuming previous work",workflow
nextflow,nextflow,nextflow_04,run main.nf -params-file params.json -w /scratch/nf_work,Run the pipeline loading parameters from a JSON file and storing intermediate results in /scratch/nf_work,workflow
nextflow,nextflow,nextflow_05,run nf-core/rnaseq -profile docker -with-trace trace.txt -N user@example.org,Run nf-core/rnaseq writing an execution trace file and sending a completion notification email,workflow
nextflow,nextflow,nextflow_06,pull nf-core/sarek,Update the local copy of the nf-core/sarek pipeline to the latest version,workflow
orthofinder,orthofinder,orthofinder_01,-f proteomes/ -a 8,run OrthoFinder on a directory of species proteomes,comparative-genomics
orthofinder,orthofinder,orthofinder_02,-f proteomes/ -M msa -S diamond -A mafft -T iqtree -a 8,run OrthoFinder with MSA-based gene trees using MAFFT and IQ-TREE,comparative-genomics
orthofinder,orthofinder,orthofinder_03,-f proteomes/ -S mmseqs -t 16 -a 8,"\""Run OrthoFinder using MMseqs2 for the all-vs-all sequence search instead of DIAMOND\""",phylogenetics
orthofinder,orthofinder,orthofinder_04,-b proteomes/OrthoFinder/Results_Jan01/ -f new_species/ -a 8,restart OrthoFinder from existing DIAMOND results (add a new species),comparative-genomics
orthofinder,orthofinder,orthofinder_05,-f proteomes/ -S mmseqs2 -a 8,use MMseqs2 instead of DIAMOND for faster all-vs-all search,comparative-genomics
orthofinder,orthofinder,orthofinder_06,-f proteomes/ -M dendroblast -t 16 -a 8,"\""Run OrthoFinder with the faster dendroblast method for gene tree inference\""",phylogenetics
orthofinder,orthofinder,orthofinder_07,-f cds_proteomes/ -d -S blastn -t 16 -a 8,"\""Run OrthoFinder on nucleotide (coding sequence) inputs using blastn as the search program\""",phylogenetics
orthofinder,orthofinder,orthofinder_08,-b proteomes/OrthoFinder/Results_Jul01/ -f new_proteomes/ -t 16 -a 8,"\""Add new species proteomes to an existing OrthoFinder run"," restarting from the stored BLAST results\""",phylogenetics
orthofinder,orthofinder,orthofinder_09,-f proteomes/ -og,I want the result of infer orthogroups only without gene trees for fast proteome comparison,comparative-genomics
orthofinder,orthofinder,orthofinder_10,-b proteomes/OrthoFinder/Results_Jan01/ -f new_species/ -a 8,"\""In my analysis"," I need to restart OrthoFinder from existing DIAMOND results (add a new species)\""",comparative-genomics
pairtools,pairtools,pairtools_01,parse -c hg38.chromsizes --min-mapq 30 -o NA12878.pairsam.gz NA12878.hic.sorted.bam,Parse Hi-C alignments of NA12878 into pairsam format using the hg38 chromosome order and MAPQ 30 for unique mapping,alignment
pairtools,pairtools,pairtools_02,parse -c hg38.chromsizes --min-mapq 30 --drop-sam -o NA12878.pairs.gz NA12878.hic.sorted.bam,Parse NA12878 Hi-C alignments into a compact pairs file without SAM alignment columns,alignment
pairtools,pairtools,pairtools_03,sort --nproc 8 -o NA12878.sorted.pairsam.gz NA12878.pairsam.gz,Sort NA12878 pairs lexicographically by chromosome and position using 8 processes,alignment
pairtools,pairtools,pairtools_04,dedup -o NA12878.dedup.pairsam.gz --output-stats NA12878.dedup.stats NA12878.sorted.pairsam.gz,Remove PCR and optical duplicates from sorted NA12878 pairs and write duplicate statistics,alignment
pairtools,pairtools,pairtools_05,split --output-pairs NA12878.pairs.gz --output-sam NA12878.sam.gz NA12878.dedup.pairsam.gz,Split the NA12878 pairsam file into a pairs file and a SAM file of the original alignments,alignment
pairtools,pairtools,pairtools_06,stats -o NA12878.pairsam.stats NA12878.dedup.pairsam.gz,"Calculate pairs statistics (cis/trans ratio, distance distribution) for the deduplicated NA12878 data",alignment
pairtools,pairtools,pairtools_07,select 'chrom1==chrom2' -o NA12878.cis.pairs.gz NA12878.pairs.gz,Keep only intra-chromosomal (cis) pairs of NA12878 for contact map construction,alignment
pbccs,pbccs,pbccs_01,--min-passes 3 --min-rq 0.99 m64011_1.subreads.bam m64011_1.ccs.bam,"\""Generate HiFi circular consensus reads from Sequel IIe subreads requiring at least 3 passes and 99% predicted accuracy\""",long-reads
pbccs,pbccs,pbccs_02,-j 16 --min-passes 5 --min-rq 0.99 m64011_1.subreads.bam m64011_1.Q20.ccs.bam,"\""Generate high-accuracy Q20+ HiFi reads with a minimum of 5 subread passes using 16 threads\""",long-reads
pbccs,pbccs,pbccs_03,--by-strand --min-passes 3 m64011_1.subreads.bam m64011_1.strand.ccs.bam,"\""Generate separate circular consensus sequences for each strand of the SMRTbell insert\""",long-reads
pbccs,pbccs,pbccs_04,--min-length 500 --max-length 20000 --min-passes 3 m64011_1.subreads.bam m64011_1.ccs.bam,"\""Generate CCS reads restricted to 500-20000 bp insert lengths to exclude short artifacts and chimeras\""",long-reads
pbccs,pbccs,pbccs_05,--report-json ccs_report.json --min-passes 3 m64011_1.subreads.bam m64011_1.ccs.bam,"\""Generate CCS reads and write a machine-readable JSON report of yield and accuracy metrics\""",long-reads
pbccs,pbccs,pbccs_06,--chunk 3/24 --min-passes 3 m64011_1.subreads.bam m64011_1.ccs.bam,"\""Generate CCS for chunk 3 of 24 to enable distributed processing of a large subreads dataset\""",long-reads
pbccs,pbccs,pbccs_07,--all --min-rq 0.95 --min-passes 3 m64011_1.subreads.bam m64011_1.all.ccs.bam,"\""Generate CCS for every ZMW including low-quality molecules by relaxing the accuracy cutoff to 95%\""",long-reads
pbccs,pbccs,pbccs_08,--skip-polish --min-passes 3 m64011_1.subreads.bam m64011_1.draft.ccs.bam,"\""Emit only the initial draft consensus templates without polishing for quick downsampling checks\""",long-reads
pbfusion,pbfusion,pbfusion_01,"\""discover -g GRCh38_annotation.gtf -o fusion_results -t 8 isoseq_aligned.bam\""","\""Detect fusion genes in PacBio Iso-Seq alignments against the GRCh38 annotation using 8 threads\""",long-reads
pbfusion,pbfusion,pbfusion_02,--bam matrix.bam --gtf variants.gtf --output-dir fusion_output/ --min-support 3,"\""detect fusions with minimum supporting reads (matrix.bam"," variants.gtf)\""",rna-seq
pbfusion,pbfusion,pbfusion_03,--bam counts.bam --gtf counts.gtf --output-dir fusion_output/,"\""My goal is to detect gene fusions from PacBio IsoSeq aligned data (counts.bam"," counts.gtf)\""",rna-seq
pbfusion,pbfusion,pbfusion_04,--bam variants.bam --gtf sorted.gtf --output-dir fusion_output/ --min-support 3,"\""I want the result of detect fusions with minimum supporting reads (variants.bam"," sorted.gtf)\""",rna-seq
pbfusion,pbfusion,pbfusion_05,--bam genome.bam --gtf reference.gtf --output-dir fusion_output/,"\""In my analysis", I need to detect gene fusions from PacBio IsoSeq aligned data (genome.bam," reference.gtf)\""",rna-seq
pbfusion,pbfusion,pbfusion_06,--bam reads.bam --gtf variants.gtf --output-dir fusion_output/ --min-support 3,"\""How can I detect fusions with minimum supporting reads? (reads.bam"," variants.gtf)\""",rna-seq
pbfusion,pbfusion,pbfusion_07,--bam counts.bam --gtf processed.gtf --output-dir fusion_output/,"\""I need to detect gene fusions from PacBio IsoSeq aligned data (counts.bam"," processed.gtf)\""",rna-seq
pbfusion,pbfusion,pbfusion_08,--bam mapping.bam --gtf filtered.gtf --output-dir fusion_output/ --min-support 3,"\""My goal is to detect fusions with minimum supporting reads (mapping.bam"," filtered.gtf)\""",rna-seq
pbfusion,pbfusion,pbfusion_09,--bam merged.bam --gtf report.gtf --output-dir fusion_output/,"\""I want the result of detect gene fusions from PacBio IsoSeq aligned data (merged.bam"," report.gtf)\""",rna-seq
pbfusion,pbfusion,pbfusion_10,--bam trimmed.bam --gtf sample.gtf --output-dir fusion_output/ --min-support 3,"\""In my analysis", I need to detect fusions with minimum supporting reads (trimmed.bam," sample.gtf)\""",rna-seq
pbmm2,pbmm2,pbmm2_01,index GRCh38.fa GRCh38.mmi,Build a pbmm2 index (.mmi) of the human GRCh38 reference for repeated alignment of PacBio reads,alignment
pbmm2,pbmm2,pbmm2_02,align GRCh38.mmi m64047_HG002_ccs.bam HG002_GRCh38.bam --preset HIFI --sort -j 8 -J 4,"Align PacBio HiFi reads from HG002 (run m64047) to GRCh38 with the HIFI preset, sorting the output BAM on the fly",alignment
pbmm2,pbmm2,pbmm2_03,align GRCh38.mmi m54201_NA24385_subreads.bam NA24385_GRCh38.bam --preset SUBREAD --sort -j 8,Align PacBio CLR subreads from NA24385 to GRCh38 with the SUBREAD preset and produce a sorted BAM,alignment
pbmm2,pbmm2,pbmm2_04,align GRCh38.mmi GM12878_iso-seq.bam GM12878_iso-seq_aln.bam --preset ISOSEQ --sort,Align PacBio Iso-Seq transcript reads from GM12878 to GRCh38 with the ISOSEQ preset for transcript-aware splicing,alignment
pbmm2,pbmm2,pbmm2_05,align GRCh38.mmi m64047_ccs.fastq.gz HG002_ccs.bam --preset CCS --sort --sample HG002,Align CCS reads from a FASTQ file to GRCh38 with the CCS preset tagging all read groups with sample name HG002,alignment
pbmm2,pbmm2,pbmm2_06,align GRCh38.mmi m64047_HG002_ccs.bam - --preset HIFI | samtools sort -o HG002_GRCh38.sorted.bam,Stream pbmm2 alignments of HG002 HiFi reads to stdout and sort them with samtools into a coordinate-sorted BAM,alignment
pbsv,pbsv,pbsv_01,"\""discover -s SAMPLE1 ref.movie1.bam ref.sample1.svsig.gz\""","\""Discover structural variant signatures from PacBio HiFi alignments of sample SAMPLE1\""",long-reads
pbsv,pbsv,pbsv_02,"\""discover -b hg38.trf.bed -s SAMPLE1 ref.movie1.bam ref.sample1.svsig.gz\""","\""Discover SV signatures using tandem repeat intervals for improved indel clustering in the hg38 genome\""",long-reads
pbsv,pbsv,pbsv_03,"\""discover --hifi -q 10 ref.movie1.bam ref.sample1.svsig.gz\""","\""Discover SV signatures with HiFi-optimized parameters and a stricter mapping quality cutoff of 10\""",long-reads
pbsv,pbsv,pbsv_04,"\""call -j 8 --hifi GRCh38.fa ref.sample1.svsig.gz ref.sample2.svsig.gz ref.var.vcf\""","\""Call and genotype structural variants jointly for two samples against GRCh38 with 8 threads\""",long-reads
pbsv,pbsv,pbsv_05,"\""call -j 8 -t DEL","INS -m 50 --hifi GRCh38.fa ref.sample1.svsig.gz ref.del_ins.vcf\""","\""Call only deletions and insertions of at least 50 bp from the SV signature file\""",long-reads
pbsv,pbsv,pbsv_06,"\""call -j 8 -r chr1 --hifi GRCh38.fa ref.sample1.svsig.gz ref.chr1.vcf\""","\""Call structural variants restricted to chromosome 1 of GRCh38\""",long-reads
pbsv,pbsv,pbsv_07,"\""call -j 8 --hifi --preserve-non-acgt GRCh38.fa ref.sample1.svsig.gz ref.var.vcf\""","\""Call SVs preserving non-ACGT reference alleles instead of replacing them with N\""",long-reads
pbsv,pbsv,pbsv_08,discover --hifi --tandem-repeats annotated.bed aligned.bam trimmed.gz,"\""My goal is to discover with tandem repeat annotation for better accuracy (annotated.bed", aligned.bam," trimmed.gz)\""",variant-calling
pbsv,pbsv,pbsv_09,discover --hifi annotated.bam assembly.gz,"\""I want the result of discover SV signatures from PacBio HiFi aligned BAM (annotated.bam"," assembly.gz)\""",variant-calling
pbsv,pbsv,pbsv_10,call --hifi processed.fa matrix.gz reads.vcf,"\""In my analysis", I need to call SVs from a single sample's signature file (processed.fa, matrix.gz," reads.vcf)\""",variant-calling
perl,perl,perl_01,-ne 'print if /^>/' GRCh38.fa,Print all FASTA header lines of the GRCh38 reference file,system-tools
perl,perl,perl_02,"-F'	' -lane 'print ""$F[0]:$F[1] $F[3]>$F[4]""' NA12878.vcf",Extract chromosome:position and REF>ALT alleles from each NA12878 VCF record using autosplit mode,system-tools
perl,perl,perl_03,-i.bak -pe 's/^chr//' NA12878.bed,"Remove the chr prefix from the BED file in place, keeping a .bak backup of the original",system-tools
perl,perl,perl_04,"-ne 'if (/^@/) { $n++ } END { print ""reads: $n\n"" }' NA12878_R1.fastq",Count the number of reads in the NA12878 FASTQ file by counting header lines,system-tools
perl,perl,perl_05,"-e 'while (<>) { chomp; @f = split /\t/; $sum += $f[2] } print ""total: $sum\n""' depth.tsv",Sum the third column of a tab-delimited depth file across all lines,system-tools
perl,perl,perl_06,"-e 'my @files = glob(""*.bam""); print scalar(@files), "" BAM files\n""'",Count the number of BAM files in the current directory with a glob one-liner,system-tools
picard,picard,picard_01,MarkDuplicates -I NA12878.sorted.bam -O NA12878.marked.bam -M NA12878.dup_metrics.txt --CREATE_INDEX,"Mark PCR and optical duplicates in the NA12878 BAM, write duplication metrics, and create an index",alignment
picard,picard,picard_02,MarkDuplicates -I NA12878.marked.bam -O NA12878.dedup.bam -M NA12878.dedup_metrics.txt --REMOVE_DUPLICATES,Remove duplicate reads entirely from the NA12878 BAM before variant calling,alignment
picard,picard,picard_03,AddOrReplaceReadGroups -I NA12878.ubam -O NA12878.rg.bam -LB PCRfree -PL ILLUMINA -PU HiSeqX_flowcell1.lane1 -SM NA12878,"Assign a single read group (library, platform, platform unit, sample) to all NA12878 reads for GATK compatibility",alignment
picard,picard,picard_04,CollectInsertSizeMetrics -I NA12878.sorted.bam -O NA12878.insert_size_metrics.txt -H NA12878.insert_size_hist.pdf,Assess the insert size distribution of the NA12878 paired-end library and write a histogram,alignment
picard,picard,picard_05,CollectWgsMetrics -I NA12878.sorted.bam -O NA12878.wgs_metrics.txt -R GRCh38.fa --COVERAGE_CAP 250,"Assess WGS coverage, mean depth and uniformity of NA12878 against GRCh38 with coverage capped at 250x",alignment
picard,picard,picard_06,CollectHsMetrics -I NA12878.sorted.bam -O NA12878.hs_metrics.txt -R GRCh38.fa -BI baits.interval_list -TI targets.interval_list,"Evaluate hybrid-selection capture performance (on-target rate, fold enrichment) for the NA12878 exome",alignment
picard,picard,picard_07,SortSam -I NA12878.queryname.bam -O NA12878.coordinate.bam -SO coordinate --CREATE_INDEX,Sort the NA12878 queryname-ordered BAM by coordinate with index creation for fixmate and markdup,alignment
picard,picard,picard_08,LiftoverVcf -I HG002.grch37.vcf -O HG002.grch38.vcf -C hg19ToHg38.over.chain -R GRCh38.fa --REJECT HG002.grch38.rejected.vcf,"Lift HG002 variants from GRCh37 to GRCh38 coordinates using the UCSC hg19ToHg38 chain, writing unlifted records to a reject file",sequence-utilities
pilon,pilon,pilon_01,pilon --genome assembly.fasta --frags frags.bam --output polished --outdir pilon_out --fix bases --changes,Fix SNP and indel errors in a bacterial assembly using Illumina fragment alignments,assembly
pilon,pilon,pilon_02,pilon --genome assembly.fasta --frags frags.bam --output polished --outdir pilon_out --fix all --mindepth 10 --vcf,Fix all error categories in an assembly requiring minimum depth 10 and output a VCF,assembly
pilon,pilon,pilon_03,pilon --genome assembly.fasta --jumps jumps.bam --output scaffolded --outdir pilon_out --fix gaps,Close gaps in a scaffolded genome using mate-pair jump library alignments,assembly
pilon,pilon,pilon_04,pilon --genome assembly.fasta --frags frags.bam --jumps jumps.bam --output polished --outdir pilon_out --fix all --changes,Polish a genome using both fragment and mate-pair Illumina libraries,assembly
pilon,pilon,pilon_05,pilon --genome reference.fasta --frags frags.bam --variant --output variants --outdir pilon_out,Call variants in an E. coli sample against the reference genome using variant mode,assembly
pilon,pilon,pilon_06,"pilon --genome assembly.fasta --frags frags.bam --targets contig00001,contig00002:10000-20000 --output targeted --outdir pilon_out --fix snps,indels",Polish only specific contigs and a coordinate range in a genome assembly,assembly
plink2,plink2,plink2_01,--bfile 1kg_phase3_chr20 --maf 0.01 --hwe 1e-6 --geno 0.05 --make-bed --out 1kg_phase3_chr20_filtered,Filter 1000 Genomes chr20 SNPs by minor allele frequency, HWE and missingness,population-genomics
plink2,plink2,plink2_02,--pfile 1kg_phase3_chr20 --pca 10 --out 1kg_chr20_pca,Compute the first 10 principal components to examine population structure,population-genomics
plink2,plink2,plink2_03,--pfile 1kg_phase3_chr20 --keep eur_samples.txt --freq --out eur_chr20_af,Compute allele frequencies restricted to the European subset,population-genomics
plink2,plink2,plink2_04,--bfile cohort_chr20 --glm --pheno height_pheno.txt --covar age_sex_covariates.txt --covar-variance-standardize --out chr20_height_assoc,Run a linear regression association of height against genotype, adjusting for age and sex covariates,population-genomics
plink2,plink2,plink2_05,--pfile 1kg_phase3_chr20 --export vcf bgz --out 1kg_chr20_export,Export PLINK2 pgen data to a bgzipped VCF for sharing,population-genomics
plink2,plink2,plink2_06,--bfile 1kg_phase3_chr20 --make-pgen --out 1kg_phase3_chr20_pgen,Convert bed/bim/fam files to the efficient pgen/pvar/psam format,population-genomics
porechop,porechop,porechop_01,-i trimmed.fastq.gz -o assembly.fastq.gz,"\""trim adapters from Oxford Nanopore FASTQ reads (trimmed.fastq.gz"," assembly.fastq.gz)\""",qc
porechop,porechop,porechop_02,-i mapping.fastq.gz -o matrix.fastq.gz --discard_middle,"\""trim adapters and remove chimeric reads (mapping.fastq.gz"," matrix.fastq.gz)\""",qc
porechop,porechop,porechop_03,-i sorted.fastq.gz -b demultiplexed_reads/,demultiplex barcoded ONT reads into separate files (sorted.fastq.gz),qc
porechop,porechop,porechop_04,-i genome.fastq.gz -o sorted.fastq.gz --min_split_read_size 1000,"\""trim adapters and set minimum length output (genome.fastq.gz"," sorted.fastq.gz)\""",qc
porechop,porechop,porechop_05,-i aligned.fastq.gz -o assembly.fastq.gz,"\""In my analysis", I need to trim adapters from Oxford Nanopore FASTQ reads (aligned.fastq.gz," assembly.fastq.gz)\""",qc
porechop,porechop,porechop_06,-i mapping.fastq.gz -o matrix.fastq.gz --discard_middle,"\""How can I trim adapters and remove chimeric reads? (mapping.fastq.gz"," matrix.fastq.gz)\""",qc
porechop,porechop,porechop_07,-i matrix.fastq.gz -b demultiplexed_reads/,I need to demultiplex barcoded ONT reads into separate files (matrix.fastq.gz),qc
porechop,porechop,porechop_08,-i filtered.fastq.gz -o sorted.fastq.gz --min_split_read_size 1000,"\""My goal is to trim adapters and set minimum length output (filtered.fastq.gz"," sorted.fastq.gz)\""",qc
porechop,porechop,porechop_09,-i counts.fastq.gz -o mapping.fastq.gz,"\""I want the result of trim adapters from Oxford Nanopore FASTQ reads (counts.fastq.gz"," mapping.fastq.gz)\""",qc
porechop,porechop,porechop_10,-i genome.fastq.gz -o counts.fastq.gz --discard_middle,"\""In my analysis", I need to trim adapters and remove chimeric reads (genome.fastq.gz," counts.fastq.gz)\""",qc
prodigal,prodigal,prodigal_01,-i E_coli_K12.fna -o E_coli_K12_genes.gff -a E_coli_K12_proteins.faa -d E_coli_K12_genes.fna -f gff -p single,Predict genes in the E. coli K-12 genome in single-genome mode writing GFF annotations plus protein and nucleotide translations for downstream analysis,functional-annotation
prodigal,prodigal,prodigal_02,-i gut_MAG1.fna -o gut_MAG1_genes.gff -a gut_MAG1_proteins.faa -f gff -p meta,Predict genes in a fragmented MAG from a gut metagenome using metagenome mode optimized for incomplete genomes,functional-annotation
prodigal,prodigal,prodigal_03,-i Salmonella_enterica.fna -o Salmonella_enterica_genes.gff -a Salmonella_enterica_proteins.faa -t Salmonella_enterica.trn -f gff -p single,Predict genes in Salmonella enterica and write a training file for reuse on closely related Salmonella isolates,functional-annotation
prodigal,prodigal,prodigal_04,-i Salmonella_typhimurium.fna -o Salmonella_typhimurium_genes.gff -a Salmonella_typhimurium_proteins.faa -t Salmonella_enterica.trn -f gff,Predict genes in a Salmonella typhimurium isolate reusing the training file learned from Salmonella enterica to improve gene models,functional-annotation
prodigal,prodigal,prodigal_05,-i M_tuberculosis.fna -o M_tuberculosis.gbk -a M_tuberculosis_proteins.faa -f gbk -g 11,Predict genes in Mycobacterium tuberculosis writing GenBank-format output with the bacterial translation table for genome browsing,functional-annotation
prodigal,prodigal,prodigal_06,-i Mycoplasma_genitalium.fna -o Mycoplasma_genitalium_genes.gff -a Mycoplasma_genitalium_proteins.faa -f gff -g 4 -p single,Predict genes in Mycoplasma genitalium using translation table 4 (Mycoplasma/Spiroplasma) for correct protein translation,functional-annotation
prodigal,prodigal,prodigal_07,-i masked_genome.fna -o masked_genome_genes.gff -a masked_genome_proteins.faa -f gff -m -s masked_genes.sco -p single,Predict genes in a repeat-masked bacterial genome treating N-runs as non-coding and writing per-gene scores for filtering,functional-annotation
prokka,prokka,prokka_01,--outdir ecoli_annot --prefix E_coli_K12 --locustag ECK --genus Escherichia --species coli --strain MG1655 --kingdom Bacteria --cpus 8 --addgenes --rfam E_coli_K12_MG1655.fna,Annotate the complete Escherichia coli K-12 MG1655 genome with gene features Rfam ncRNAs and ECK locus tags for functional genomics,functional-annotation
prokka,prokka,prokka_02,--outdir vcholerae_annot --prefix V_cholerae --locustag VC --genus Vibrio --species cholerae --strain O1 --cpus 8 --proteins curated_Vibrio_reference.faa V_cholerae_O1.fna,Annotate a Vibrio cholerae O1 clinical isolate genome using trusted curated Vibrio protein sequences as first-priority annotation evidence,functional-annotation
prokka,prokka,prokka_03,--outdir halophile_annot --prefix H_salinarum --genus Halobacterium --species salinarum --kingdom Archaea --cpus 8 --addgenes H_salinarum.fna,Annotate the archaeon Halobacterium salinarum genome in Archaea mode with gene features for comparative genomics of halophiles,functional-annotation
prokka,prokka,prokka_04,--outdir mag_annot --prefix gut_MAG1 --kingdom Bacteria --cpus 16 --metagenome --mincontiglen 200 gut_MAG1.fna,Annotate a fragmented bacterial MAG recovered from a human gut metagenome using metagenome mode and a 200 bp minimum contig length,functional-annotation
prokka,prokka,prokka_05,--outdir spneumo_annot --prefix S_pneumoniae --locustag SPN --genus Streptococcus --species pneumoniae --strain TIGR4 --usegenus --cpus 8 S_pneumoniae_TIGR4.fna,Annotate Streptococcus pneumoniae TIGR4 using genus-specific Streptococcus BLAST databases for improved gene calling accuracy,functional-annotation
prokka,prokka,prokka_06,--outdir vcholerae_annot --force --prefix V_cholerae --genus Vibrio --species cholerae --cpus 8 V_cholerae_O1.fna,Re-annotate a Vibrio cholerae genome forcing overwrite of the existing output folder after updated reference data became available,functional-annotation
prokka,prokka,prokka_07,--outdir ecoli_fast --prefix E_coli_K12_fast --genus Escherichia --species coli --cpus 16 --fast --addgenes E_coli_K12_MG1655.fna,Rapidly annotate the E. coli K-12 MG1655 genome in fast mode using only core BLASTP databases for a quick draft annotation,functional-annotation
python,python,python_01,-m pip install pysam,Install the pysam package for BAM/VCF parsing into the current Python environment,system-tools
python,python,python_02,-m http.server 8080 --directory /data/share/,Serve the /data/share directory over HTTP on port 8080 for sharing analysis results,system-tools
python,python,python_03,"-c 'import pysam; b = pysam.AlignmentFile(""NA12878.sorted.bam"", ""rb""); print(b.mapped)'",Count mapped reads in the NA12878 BAM with a pysam one-liner,system-tools
python,python,python_04,"-c 'import gzip; print(sum(1 for l in gzip.open(""NA12878_R1.fastq.gz"", ""rt""))//4)'",Count reads in the gzipped NA12878 FASTQ file without decompressing to disk,system-tools
python,python,python_05,call_variants.py --input NA12878.sorted.bam --reference GRCh38.fa --output NA12878.vcf,"Run the variant calling script with argparse-style input, reference and output arguments",system-tools
python,python,python_06,-u monitor.py --watch /data/out/,Run the monitoring script with unbuffered output so log lines appear immediately,system-tools
qualimap,qualimap,qualimap_01,bamqc -bam NA12878.sorted.bam -outdir bamqc_NA12878 -nt 8,"Run alignment QC (coverage, GC content, mapping quality) on the NA12878 BAM with 8 threads",alignment
qualimap,qualimap,qualimap_02,bamqc -bam NA12878.sorted.bam -outdir bamqc_NA12878_regions -gff GRCh38.gff -os,"Run NA12878 alignment QC restricted to annotated regions, also reporting outside-region statistics",alignment
qualimap,qualimap,qualimap_03,rnaseq -bam NA12878.rna.sorted.bam -gtf GRCh38.gtf -outdir rnaseq_NA12878 -p strand-specific-reverse -pe -oc NA12878.counts.txt,"Evaluate RNA-seq alignment of NA12878 with a strand-specific reverse library, counting fragments per gene",alignment
qualimap,qualimap,qualimap_04,multi-bamqc -d bamqc_results -outdir multi_bamqc_NA12878,Compare multiple bamqc reports (NA12878 and HG002) in a single multi-sample QC analysis,alignment
qualimap,qualimap,qualimap_05,comp-counts -bam NA12878.rna.sorted.bam -gtf GRCh38.gtf -out NA12878.comp_counts.txt -pe,Compute per-feature read counts from the NA12878 RNA-seq BAM using the paired-end counting mode,alignment
qualimap,qualimap,qualimap_06,bamqc -bam HG002.sorted.bam -outdir bamqc_HG002 --java-mem-size=4G -nt 16,Run alignment QC on the large HG002 BAM with an increased 4 GB Java heap and 16 threads,alignment
quast,quast,quast_01,quast assembly.fasta -r reference.fasta -o quast_out -t 16,Evaluate the E. coli assembly against the reference genome,genome-evaluation
quast,quast,quast_02,quast flye_asm.fasta canu_asm.fasta -r reference.fasta -o compare_out -t 16,Compare the flye and canu assemblies of a bacterial genome against the reference genome,genome-evaluation
quast,quast,quast_03,quast assembly.fasta -r reference.fasta -g genes.gff -o quast_out -t 16,Evaluate a bacterial assembly reporting gene content using the reference GFF annotations,genome-evaluation
quast,quast,quast_04,quast assembly.fasta -r GRCh38.fasta --large -o quast_out -t 32,Evaluate the human GRCh38 assembly with large-genome parameters,genome-evaluation
quast,quast,quast_05,quast assembly.fasta --est-ref-size 120000000 -o quast_out -t 16,Evaluate a yeast assembly without a reference using an estimated genome size,genome-evaluation
quast,quast,quast_06,quast assembly.fasta -r reference.fasta -1 R1.fq.gz -2 R2.fq.gz --circos -o quast_out -t 16,Evaluate a bacterial assembly with Illumina reads for coverage analysis and a Circos plot,genome-evaluation
quast,quast,quast_07,quast assembly.fasta -r reference.fasta -f -o quast_out -t 16,Evaluate a prokaryotic assembly with GeneMarkS gene prediction,genome-evaluation
r,r,r_01,"-e 'library(DESeq2); dds <- DESeqDataSetFromMatrix(countData, colData, ~condition); dds <- DESeq(dds); write.csv(as.data.frame(results(dds)), ""deseq2_results.csv"")'",Run a DESeq2 differential expression analysis non-interactively and write results to CSV,system-tools
r,r,r_02,de_analysis.R counts.tsv design.tsv de_results.tsv,"Run the differential expression R script with counts, design and output file arguments",system-tools
r,r,r_03,CMD BATCH --no-save --no-restore analysis.R analysis.Rout,Execute the analysis.R script in batch mode without saving or restoring the workspace,system-tools
r,r,r_04,CMD INSTALL -l ~/Rlibs DESeq2_1.42.0.tar.gz,Install the DESeq2 package from a source tarball into the user R library,system-tools
r,r,r_05,"-e 'library(Biostrings); fa <- readDNAStringSet(""GRCh38.fa""); print(width(fa))'",Read the GRCh38 FASTA with Biostrings and print the length of every sequence,system-tools
r,r,r_06,"-e 'library(ggplot2); p <- ggplot(data, aes(x, y)) + geom_point(); ggsave(""plot.pdf"", p)'",Create a scatter plot with ggplot2 and save it to a PDF file,system-tools
racon,racon,racon_01,racon reads.fastq.gz overlaps.paf assembly.fasta -t 32 > polished.fasta,Polish a flye assembly of E. coli with Oxford Nanopore reads using default parameters,assembly
racon,racon,racon_02,racon reads.fastq.gz overlaps.paf assembly.fasta -t 32 -w 500 > polished.fasta,Polish an assembly with a 500 bp window length for POA,assembly
racon,racon,racon_03,racon reads.fastq.gz overlaps.paf assembly.fasta -m 5 -x -8 -g -6 -t 32 > polished.fasta,Polish an assembly with custom match mismatch and gap scores,assembly
racon,racon,racon_04,racon reads.fastq.gz overlaps.paf assembly.fasta -u -t 32 > polished.fasta,Polish an assembly including unpolished target sequences in the output,assembly
racon,racon,racon_05,racon reads.fastq.gz self_overlaps.paf reads.fastq.gz -f -t 32 > corrected.fasta,Perform fragment correction of raw nanopore reads using dual self-overlaps,assembly
racon,racon,racon_06,racon reads.fastq.gz overlaps.paf assembly.fasta -q 15 -e 0.25 -t 32 > polished.fasta,Polish an assembly requiring mean base quality 15 and 25 percent maximum overlap error rate,assembly
repeatmasker,repeatmasker,repeatmasker_01,-species human -pa 8 -dir RM_GRCh38 -gff -html GRCh38.fa,"\""Mask interspersed repeats in the human GRCh38 assembly with the human repeat library"," writing GFF and HTML reports\""",annotation
repeatmasker,repeatmasker,repeatmasker_02,-species arabidopsis -pa 8 -dir masked_output/ trimmed.fasta,hard-mask repeats in a plant genome (trimmed.fasta),annotation
repeatmasker,repeatmasker,repeatmasker_03,-lib counts.fasta -xsmall -pa 8 -dir custom_masked/ reads.fasta,"\""mask repeats using a custom library (counts.fasta"," reads.fasta)\""",annotation
repeatmasker,repeatmasker,repeatmasker_04,-noint -xsmall -pa 4 -dir simple_masked/ report.fasta,mask only simple repeats and low-complexity regions (report.fasta),annotation
repeatmasker,repeatmasker,repeatmasker_05,-species human -pa 8 -dir RM_GRCh38 -gff -divergence 10 GRCh38.fa,"\""Report only repeat copies with less than 10% divergence from the consensus for a young-repeat analysis\""",annotation
repeatmasker,repeatmasker,repeatmasker_06,-species arabidopsis -pa 8 -dir masked_output/ trimmed.fasta,How can I hard-mask repeats in a plant genome? (trimmed.fasta),annotation
repeatmasker,repeatmasker,repeatmasker_07,-lib processed.fasta -xsmall -pa 8 -dir custom_masked/ filtered.fasta,"\""I need to mask repeats using a custom library (processed.fasta"," filtered.fasta)\""",annotation
repeatmasker,repeatmasker,repeatmasker_08,-noint -xsmall -pa 4 -dir simple_masked/ annotated.fasta,My goal is to mask only simple repeats and low-complexity regions (annotated.fasta),annotation
repeatmasker,repeatmasker,repeatmasker_09,-species human -xsmall -pa 16 -dir repeatmasker_output/ analysis.fasta,I want the result of softmask repeats in a mammalian genome assembly (analysis.fasta),annotation
repeatmasker,repeatmasker,repeatmasker_10,-species arabidopsis -pa 8 -dir masked_output/ sorted.fasta,"\""In my analysis"," I need to hard-mask repeats in a plant genome (sorted.fasta)\""",annotation
rm,rm,rm_01,-rf work/,Recursively force-remove the nextflow work directory including all intermediate files,system-tools
rm,rm,rm_02,-rfv intermediate_bams/,Recursively remove the intermediate BAM directory while printing each removed file,system-tools
rm,rm,rm_03,-I *.bam,Remove the matching BAM files with a single confirmation prompt before deletion,system-tools
rm,rm,rm_04,-i old_*.fastq.gz,"Remove the old gzipped FASTQ files interactively, prompting before each deletion",system-tools
rm,rm,rm_05,-rf --one-file-system /scratch/tmp_runs/,Remove the temporary run directory recursively while skipping any filesystem mounted within it,system-tools
rsem,rsem,rsem_01,rsem-prepare-reference --gtf gencode.v44.annotation.gtf --star -p 16 GRCh38.fa GRCh38_rsem,Prepare the RSEM reference for GRCh38 from GENCODE v44 annotations building the STAR index in the same step,rna-seq
rsem,rsem,rsem_02,rsem-calculate-expression --paired-end --star -p 16 NA12878_R1.fastq.gz NA12878_R2.fastq.gz GRCh38_rsem NA12878,Estimate gene and isoform expression for NA12878 paired-end RNA-seq by aligning with STAR and running RSEM,rna-seq
rsem,rsem,rsem_03,rsem-calculate-expression --paired-end --bowtie2 -p 8 A549_R1.fastq.gz A549_R2.fastq.gz GRCh38_rsem A549,Quantify A549 paired-end RNA-seq using Bowtie 2 as the aligner inside the RSEM pipeline,rna-seq
rsem,rsem,rsem_04,rsem-calculate-expression --paired-end --star --forward-prob 0 -p 16 tumor_R1.fq.gz tumor_R2.fq.gz GRCh38_rsem tumor,Quantify tumor RNA-seq from an Illumina TruSeq stranded protocol by setting the forward-strand probability to 0 for reverse reads,rna-seq
rsem,rsem,rsem_05,rsem-calculate-expression --alignments --paired-end NA12878_STAR_sorted.bam GRCh38_rsem NA12878_bam,Estimate expression from existing STAR alignments of NA12878 without realigning the reads,rna-seq
rsem,rsem,rsem_06,rsem-calculate-expression -p 8 K562_single.fastq.gz GRCh38_rsem K562,Estimate gene and isoform expression for single-end RNA-seq reads from K562 cells,rna-seq
rseqc,rseqc,rseqc_01,read_distribution.py -i HCC_liver_tumor.bam -r refseq_hg38.bed,Evaluate the distribution of RNA-seq reads across exonic intronic and intergenic regions of a human liver tumor sample to detect genomic DNA contamination in RNA-seq data (hg38 RefSeq),rna-seq
rseqc,rseqc,rseqc_02,geneBody_coverage.py -i HCC_liver_tumor.bam -r refseq_hg38.bed -o HCC_liver_tumor_cov,Compute 5-prime to 3-prime gene body coverage of the human liver tumor RNA-seq sample to detect 3-prime bias caused by RNA degradation,rna-seq
rseqc,rseqc,rseqc_03,"\""geneBody_coverage.py -i rep1.bam",rep2.bam,"rep3.bam -r refseq_hg38.bed -o hESC_rna_cov\""",Compare 5-prime to 3-prime gene body coverage across three replicate RNA-seq libraries of human embryonic stem cells to confirm uniform coverage before differential expression analysis,rna-seq
rseqc,rseqc,rseqc_04,infer_experiment.py -i brain_cortex.bam -r refseq_hg38.bed,Infer whether paired-end RNA-seq of human brain cortex tissue is strand-specific and determine the strandedness pattern (1++/1-- vs 1+-/1-+) to select correct quantification settings,rna-seq
rseqc,rseqc,rseqc_05,tin.py -i FFPE_tumor_RNA.bam -r refseq_hg38.bed,Calculate transcript integrity numbers (TIN) across genes in RNA-seq of a formalin-fixed paraffin-embedded tumor sample to quantify RNA quality for downstream fusion and expression analysis,rna-seq
rseqc,rseqc,rseqc_06,bam_stat.py -i HCC_liver_tumor.bam -q 30,Summarize mapping statistics including uniquely mapped reads multimappers and PCR duplicates in the human liver tumor RNA-seq BAM using a MAPQ threshold of 30,rna-seq
rsync,rsync,rsync_01,-avz --progress /data/NA12878/ hpc01:/scratch/NA12878/,"Synchronize the NA12878 data directory to the HPC node with archive mode, compression and progress display",data-download
rsync,rsync,rsync_02,-avn /data/NA12878/ hpc01:/scratch/NA12878/,Dry-run the NA12878 transfer to the HPC node to preview which files would be copied,data-download
rsync,rsync,rsync_03,-av --exclude '*.bam' --exclude 'work/' /data/project/ hpc01:/scratch/project/,Transfer the project directory to the HPC node excluding BAM files and work directories,data-download
rsync,rsync,rsync_04,-av --delete hpc01:/scratch/project/ /data/project_backup/,"Mirror the project from the HPC node to the local backup, deleting extraneous local files",data-download
rsync,rsync,rsync_05,-av --bwlimit=5000 hpc01:/scratch/NA12878/ /data/NA12878/,Transfer NA12878 data from the HPC node at a bandwidth limit of 5000 KB/s,data-download
rsync,rsync,rsync_06,-avc hpc01:/scratch/NA12878/ /data/NA12878/,Verify the NA12878 transfer by comparing file checksums instead of size and modification time,data-download
salmon,salmon,salmon_01,index -t gencode.v44.transcripts.fa -i gencode_v44_index --gencode -k 31,"Build a salmon index from GENCODE v44 transcripts, splitting names at the first pipe as required for GENCODE format",rna-seq
salmon,salmon,salmon_02,quant -i gencode_v44_index -l A -1 NA12878_R1.fastq.gz -2 NA12878_R2.fastq.gz -o NA12878_quant -p 16 --gcBias --seqBias --validateMappings,Quantify NA12878 paired-end RNA-seq with automatic library-type detection and GC plus sequence-specific bias correction,rna-seq
salmon,salmon,salmon_03,quant -i gencode_v44_index -l ISR -1 A549_R1.fastq.gz -2 A549_R2.fastq.gz -o A549_quant -p 16 --validateMappings,Quantify A549 paired-end reads from an Illumina stranded reverse (ISR) library for accurate isoform-level expression,rna-seq
salmon,salmon,salmon_04,quant -i gencode_v44_index -l SR -r K562_single.fastq.gz -o K562_quant -p 8 --validateMappings,Quantify single-end RNA-seq reads from K562 cells assuming a stranded forward (SR) library,rna-seq
salmon,salmon,salmon_05,quant -i gencode_v44_index -l A -1 tumor_R1.fq.gz -2 tumor_R2.fq.gz -o tumor_quant -p 16 --gcBias --seqBias --posBias,"Quantify tumor paired-end RNA-seq with full bias correction (GC, sequence-specific, and positional) for differential expression",rna-seq
salmon,salmon,salmon_06,index -t GRCm39_transcripts.fa -i GRCm39_index -k 31,Build a salmon index for the mouse GRCm39 transcriptome,rna-seq
samtools,samtools,samtools_01,sort -@ 8 -m 2G -o HG002.sorted.bam HG002.aligned.bam,Sort HG002 aligned reads by coordinate using 8 threads and 2 GB memory per thread for duplicate marking,alignment
samtools,samtools,samtools_02,view -b -q 30 -F 0x904 -o HG002.mapq30.bam HG002.sorted.bam,Filter HG002 BAM to keep only primary mapped reads with MAPQ >= 30 for high-confidence variant calling,alignment
samtools,samtools,samtools_03,index -@ 8 HG002.sorted.bam,Create a BAI index for the coordinate-sorted HG002 BAM to enable fast region queries,alignment
samtools,samtools,samtools_04,merge -f -@ 8 -o NA12878.lanes.merged.bam NA12878_L1.sorted.bam NA12878_L2.sorted.bam,Merge two lane-level BAM files of NA12878 into a single BAM for joint downstream analysis,alignment
samtools,samtools,samtools_05,flagstat -@ 4 NA12878.lanes.merged.bam,"Report mapping statistics (total, mapped, paired, duplicated reads) for the merged NA12878 BAM",alignment
samtools,samtools,samtools_06,depth -a -q 20 -Q 30 -o NA12878.depth NA12878.sorted.bam,"Compute per-base sequencing depth across all positions for NA12878, including zero-depth sites, filtering bases below BQ 20 and reads below MAPQ 30",alignment
samtools,samtools,samtools_07,mpileup -f GRCh38.fa -q 30 -Q 20 -o NA12878.pileup NA12878.sorted.bam,Generate a pileup of NA12878 reads against the GRCh38 reference for downstream variant calling,alignment
samtools,samtools,samtools_08,markdup -r -f NA12878.markdup.stats NA12878.marked.bam NA12878.dedup.bam,Remove duplicate reads from the marked NA12878 BAM and write duplicate statistics to a file,alignment
sed,sed,sed_01,-i 's/^chr//' NA12878.bed,Remove the chr prefix from chromosome names in the NA12878 BED file in place,system-tools
sed,sed,sed_02,-n 's/.*ID=([^;]+);.*/\1/p' GRCh38.gff3 > feature_ids.txt,Extract the ID attribute value of every feature from the GRCh38 GFF3 file,system-tools
sed,sed,sed_03,"-E -i 's/transcript_id ""([^""]*)\.[0-9]+""/transcript_id ""\1""/' genes.gtf",Strip version numbers from Ensembl transcript IDs in the GTF file in place,system-tools
sed,sed,sed_04,'/^##/d' NA12878.vcf > NA12878.no_meta.vcf,Remove VCF meta-information lines (starting with ##) while keeping the #CHROM column header,system-tools
sed,sed,sed_05,"-n '1,400p' NA12878_R1.fastq > NA12878_R1.first100.fastq",Extract the first 100 reads (400 lines) of the NA12878 FASTQ file,system-tools
sed,sed,sed_06,-E -i 's/^>([^ ]+).*/>\1/' proteins.fa,Truncate FASTA headers of the protein file to the first token before any space,system-tools
seqkit,seqkit,seqkit_01,"\""stats -a -T -j 8 HG002_R1.fastq.gz HG002_R2.fastq.gz\""","\""Compute detailed statistics including N50 and length quartiles for both paired FASTQ files with tabular output (HG002_R1.fastq.gz"," HG002_R2.fastq.gz)\""",sequence-utilities
seqkit,seqkit,seqkit_02,"\""seq -m 50 -M 300 -o filtered.fastq.gz reads.fastq.gz\""","\""Keep only reads with length between 50 and 300 bp (reads.fastq.gz"," filtered.fastq.gz)\""",sequence-utilities
seqkit,seqkit,seqkit_03,"\""seq -r -p -o genes_revcomp.fa genes.fa\""","\""Output the reverse complement of every sequence in a FASTA file (genes.fa"," genes_revcomp.fa)\""",sequence-utilities
seqkit,seqkit,seqkit_04,"\""fq2fa reads.fastq.gz -o reads.fa.gz\""","\""Convert FASTQ to gzipped FASTA (reads.fastq.gz"," reads.fa.gz)\""",sequence-utilities
seqkit,seqkit,seqkit_05,"\""fx2tab -l -g -n -o reads.tsv reads.fastq.gz\""","\""Convert FASTQ to a tabular format with sequence name", length, and GC content columns (reads.fastq.gz," reads.tsv)\""",sequence-utilities
seqkit,seqkit,seqkit_06,"\""grep -n -f target_ids.txt -o target.fastq.gz reads.fastq.gz\""","\""Extract reads whose full names match IDs in a list file (target_ids.txt", reads.fastq.gz," target.fastq.gz)\""",sequence-utilities
seqkit,seqkit,seqkit_07,"\""sample -s 42 -p 0.2 -o subset.fastq.gz reads.fastq.gz\""","\""Randomly subsample 20% of reads with a reproducible seed (reads.fastq.gz"," subset.fastq.gz)\""",sequence-utilities
seqkit,seqkit,seqkit_08,"\""split2 -s 1000000 -O split_out reads.fastq.gz\""","\""Split a large FASTQ file into chunks of 1",000,000 sequences each (reads.fastq.gz," split_out/)\""",sequence-utilities
seqkit,seqkit,seqkit_09,seq -m 100 -o assembly.fastq.gz annotated.fastq.gz,"\""I want the result of filter reads shorter than 100 bp and write to a new file (assembly.fastq.gz"," annotated.fastq.gz)\""",sequence-utilities
seqkit,seqkit,seqkit_10,seq -r -p reads.fa -o mapping.fa,"\""In my analysis", I need to get the reverse complement of all sequences in a FASTA file (reads.fa," mapping.fa)\""",sequence-utilities
seqtk,seqtk,seqtk_01,"\""seq -A HG002_R1.fastq.gz\""","\""Convert FASTQ reads to FASTA format"," discarding quality scores (HG002_R1.fastq.gz)\""",sequence-utilities
seqtk,seqtk,seqtk_02,"\""seq -r -A genes.fa\""","\""Reverse complement all sequences in a FASTA file (genes.fa)\""",sequence-utilities
seqtk,seqtk,seqtk_03,"\""seq -L 36 -A E_coli_K12_R1.fastq.gz\""","\""Keep only reads of at least 36 bp and write them in FASTA format (E_coli_K12_R1.fastq.gz)\""",sequence-utilities
seqtk,seqtk,seqtk_04,"\""seq -1 HG002_interleaved.fastq.gz\""","\""Extract the first read of each pair from interleaved paired-end FASTQ (HG002_interleaved.fastq.gz)\""",sequence-utilities
seqtk,seqtk,seqtk_05,"\""sample -s 42 HG002_R1.fastq.gz 1000000\""","\""Subsample 1",000,"000 reads from a large FASTQ file with a fixed random seed for reproducibility (HG002_R1.fastq.gz)\""",sequence-utilities
seqtk,seqtk,seqtk_06,"\""trimfq -q 0.05 -l 30 reads.fastq.gz\""","\""Quality-trim reads using the Phred algorithm with a 0.05 error-rate threshold"," never trimming reads below 30 bp (reads.fastq.gz)\""",sequence-utilities
seqtk,seqtk,seqtk_07,"\""fqchk -q 20 reads.fastq.gz\""","\""Report per-base quality and base-composition statistics for quality control of a FASTQ file (reads.fastq.gz)\""",sequence-utilities
seqtk,seqtk,seqtk_08,seq -a raw.fastq.gz,My goal is to convert FASTQ to FASTA format (raw.fastq.gz),sequence-utilities
seqtk,seqtk,seqtk_09,seq -r annotated.fasta,I want the result of reverse complement all sequences in a FASTA file (annotated.fasta),sequence-utilities
seqtk,seqtk,seqtk_10,subseq genome.fastq.gz merged.txt,"\""In my analysis", I need to extract specific sequences by name from a FASTQ file (genome.fastq.gz," merged.txt)\""",sequence-utilities
shapeit4,shapeit4,shapeit4_01,--input chr20_unphased.vcf.gz --map chr20_b38.gmap.gz --output chr20_phased.vcf.gz --thread 8,Phase chromosome 20 genotypes with SHAPEIT4 using a genetic map,population-genomics
shapeit4,shapeit4,shapeit4_02,--input chr20_unphased.vcf.gz --map chr20_b38.gmap.gz --output chr20_phased.vcf.gz --reference chr20_1kg_phased.vcf.gz --thread 8,Phase chromosome 20 using the 1000 Genomes reference panel of haplotypes,population-genomics
shapeit4,shapeit4,shapeit4_03,--input chr20_unphased.vcf.gz --map chr20_b38.gmap.gz --output chr20_phased.vcf.gz --pbwt-depth 8 --thread 8,Increase PBWT conditioning depth to improve phasing of rare variants,population-genomics
shapeit4,shapeit4,shapeit4_04,--input chr20_unphased.vcf.gz --map chr20_b38.gmap.gz --output chr20_phased.vcf.gz --sequencing --thread 8,Phase sequencing-based genotypes using the sequencing default parameters,population-genomics
shapeit4,shapeit4,shapeit4_05,--input chr20_unphased.vcf.gz --map chr20_b38.gmap.gz --output chr20_region_phased.vcf.gz --region chr20:30000000-35000000 --thread 8,Phase only a 5 Mb interval on chromosome 20,population-genomics
shapeit4,shapeit4,shapeit4_06,--input chr20_unphased.vcf.gz --map chr20_b38.gmap.gz --output chr20_phased.vcf.gz --seed 12345 --thread 8,Phase chromosome 20 with a fixed random seed for reproducible results,population-genomics
snakemake,snakemake,snakemake_01,-j 8 --use-conda --latency-wait 60 --rerun-incomplete,"Run the workflow with 8 cores using conda environments, waiting 60 seconds for files after a job and rerunning incomplete outputs",workflow
snakemake,snakemake,snakemake_02,-n --printshellcmds,Dry-run the workflow and print the shell commands that would be executed without running anything,workflow
snakemake,snakemake,snakemake_03,--dag | dot -Tpng > dag.png,Render the workflow dependency graph as a PNG image via graphviz,workflow
snakemake,snakemake,snakemake_04,--report report.html,Create a self-contained HTML report with runtime statistics and results for the workflow,workflow
snakemake,snakemake,snakemake_05,-j 200 --profile slurm,Run the workflow submitting up to 200 jobs in parallel using the slurm execution profile,workflow
snakemake,snakemake,snakemake_06,--configfile config.yaml --config sample=NA12878,"Run the workflow with configuration from config.yaml, overriding the sample key to NA12878",workflow
sniffles,sniffles,sniffles_01,--input HG002_ont_final.bam --vcf HG002_ont_sniffles.vcf --threads 16,Call SVs in HG002 Oxford Nanopore reads with Sniffles2,structural-variants
sniffles,sniffles,sniffles_02,--input HG002_ont_final.bam --vcf HG002_ont_sniffles.vcf --tandem-repeats hg38_tandem_repeats.bed --threads 16,Call SVs using tandem-repeat annotations for repeat expansion genotyping,structural-variants
sniffles,sniffles,sniffles_03,--input NA12878_ont.snf NA12891_ont.snf NA12892_ont.snf --vcf trio_combined_sniffles.vcf --threads 16,Jointly call SVs across the trio by combining per-sample SNF candidate files,structural-variants
sniffles,sniffles,sniffles_04,--input HG002_ont_final.bam --vcf HG002_forced_sniffles.vcf --reference GRCh38.fa --threads 16,Call SVs with reference-based genotyping for precise breakpoint output,structural-variants
sniffles,sniffles,sniffles_05,--input tumor_ont.bam --vcf tumor_mosaic_sniffles.vcf --mosaic --mosaic-af-min 0.05 --threads 16,Detect rare somatic and mosaic SVs in tumor long-read data,structural-variants
sniffles,sniffles,sniffles_06,--input HG002_ont_final.bam --vcf HG002_chr1_sniffles.vcf --regions chr1.bed --threads 16,Call SVs only within chromosome 1 regions to reduce runtime,structural-variants
snpeff,snpeff,snpeff_01,"\""eff -v GRCh38.105 NA12878.vcf > NA12878.ann.vcf\""","\""Annotate NA12878 variants with the Ensembl GRCh38.105 database and report their functional effects in the VCF\""",annotation
snpeff,snpeff,snpeff_02,"\""eff -v -canon -lof GRCh37.75 NA12878.vcf > NA12878.ann.vcf\""","\""Annotate NA12878 variants against GRCh37.75 using only canonical transcripts"," adding loss-of-function (LOF) predictions\""",annotation
snpeff,snpeff,snpeff_03,"\""eff -v -s snpEff_summary.html -csvStats snpEff_summary.csv GRCh38.105 NA12878.vcf > NA12878.ann.vcf\""","\""Annotate variants and write HTML and CSV summary statistics for QC review of effect-type distributions\""",annotation
snpeff,snpeff,snpeff_04,"\""eff -v -no-downstream -no-upstream GRCh38.105 NA12878.vcf > NA12878.genic.vcf\""","\""Annotate variants while hiding DOWNSTREAM and UPSTREAM effects to focus on variants inside genes\""",annotation
snpeff,snpeff,snpeff_05,"\""eff -v -classic -formatEff GRCh38.105 NA12878.vcf > NA12878.ann.vcf\""","\""Annotate variants using legacy EFF field notation instead of Sequence Ontology ANN for compatibility with downstream tools\""",annotation
snpeff,snpeff,snpeff_06,"\""build -c snpEff.config -gff3 -v custom_genome_v1\""","\""Build a custom SnpEff genome database named custom_genome_v1 from a GFF3 annotation using the specified config file\""",annotation
snpeff,snpeff,snpeff_07,"\""eff -v -no-intron -no-intergenic GRCh38.105 NA12878.vcf > NA12878.coding.vcf\""","\""Annotate variants excluding INTRON and INTERGENIC effects to restrict the output to exonic consequences\""",annotation
snpeff,snpeff,snpeff_08,"\""eff -v -ud 5000 GRCh38.105 NA12878.vcf > NA12878.ann.vcf\""","\""Annotate variants with upstream/downstream effect windows extended to 5000 bp around each transcript\""",annotation
snpeff,snpeff,snpeff_09,ann -v -no-downstream -no-upstream -no-intron -no-intergenic GRCh38.105 aligned.vcf,I want the result of annotate variants and filter by quality for clinical reporting (aligned.vcf),variant-annotation
snpeff,snpeff,snpeff_10,build -gff3 -v MyGenome,"\""In my analysis"," I need to build a custom SnpEff genome database from GFF3 annotation\""",variant-annotation
sourmash,sourmash,sourmash_01,"\""sketch dna -p k=21",k=31,"k=51 --output-dir genome_sketches bacterial_genomes/*.fna\""",Sketch 50 bacterial reference genomes at three k-mer sizes for sensitive database searches and taxonomic comparison,metagenomics
sourmash,sourmash,sourmash_02,"\""sketch dna -p k=31",scaled=1000,"abund gut_metagenome.fq.gz -o gut_metagenome.sig\""",Sketch a human gut metagenome with k=31 scaled=1000 and abundance tracking for metagenome content analysis,metagenomics
sourmash,sourmash,sourmash_03,"\""compare genome_sketches/*.sig --csv genome_similarity.csv --output genome_similarity.mat\""",Compute pairwise Jaccard similarity between all sketched bacterial genomes and save both CSV and matrix files for clustering,metagenomics
sourmash,sourmash,sourmash_04,gather gut_metagenome.sig gtdb_rs214.sbt.zip -o gut_gather_results.csv --threshold-bp 5000,Decompose a gut metagenome signature into the minimal set of GTDB reference genomes matching at least 5 kb of content,metagenomics
sourmash,sourmash,sourmash_05,search query_genome.sig refs.sbt.zip -t 0.1 -o search_results.csv,Search an unknown bacterial genome signature against a reference SBT database to identify the closest matching genome,metagenomics
sourmash,sourmash,sourmash_06,index -k 31 bacterial_genomes -F zip genome_sketches/*.sig,Index sketched bacterial genomes into a ZIP-format SBT database for fast low-memory searching,metagenomics
sourmash,sourmash,sourmash_07,sig describe gut_metagenome.sig,Display metadata including k-mer size scaled value and molecule type of a gut metagenome signature to verify sketch parameters,metagenomics
spades,spades,spades_01,spades.py -1 E_coli_R1.fq.gz -2 E_coli_R2.fq.gz --isolate -o ecoli_assembly -t 16 -m 64,Assemble the E. coli K12 isolate genome from paired-end Illumina reads using high-coverage isolate mode,assembly
spades,spades,spades_02,spades.py -1 mock_R1.fq.gz -2 mock_R2.fq.gz --meta -o zymo_mock_assembly -t 32 -m 250,Assemble a Zymo mock community metagenome from paired-end Illumina reads using metagenomic mode,assembly
spades,spades,spades_03,spades.py -1 RNA_R1.fq.gz -2 RNA_R2.fq.gz --rna -o sars2_rna_assembly -t 16 -m 128,Assemble the SARS-CoV-2 RNA-seq transcriptome from paired-end reads using RNA-Seq mode,assembly
spades,spades,spades_04,spades.py -1 E_coli_R1.fq.gz -2 E_coli_R2.fq.gz --isolate --plasmid -o ecoli_plasmid_assembly -t 16 -m 64,Assemble the E. coli K12 genome and detect plasmid sequences with plasmidSPAdes,assembly
spades,spades,spades_05,spades.py -1 ion_R1.fastq -2 ion_R2.fastq --iontorrent -o ecoli_ion_assembly -t 8 -m 32,Assemble the E. coli genome from IonTorrent paired-end reads,assembly
spades,spades,spades_06,spades.py -1 illumina_R1.fq.gz -2 illumina_R2.fq.gz --nanopore ont_reads.fastq.gz --careful -o hybrid_assembly -t 32 -m 250,Assemble a hybrid bacterial genome from Illumina paired-end reads plus Oxford Nanopore reads with careful error reduction,assembly
spades,spades,spades_07,"spades.py --pe-1 1 lib1_R1.fq.gz --pe-2 1 lib1_R2.fq.gz --pe-1 2 lib2_R1.fq.gz --pe-2 2 lib2_R2.fq.gz -k 21,33,55,77 -o multi_library_assembly -t 16 -m 128",Assemble the S. aureus genome from two paired-end Illumina libraries of different insert sizes with an explicit k-mer list,assembly
spades,spades,spades_08,spades.py --continue -o ecoli_assembly,Resume the interrupted E. coli assembly run from its last checkpoint,assembly
sra-tools,sra-tools,sra-tools_01,"\""fastq-dump --split-3 -O fastq/ SRR390728\""","\""Download and convert the SRA run SRR390728 (human RNA-seq) into paired FASTQ files using 3-way splitting (fastq/"," SRR390728)\""",data-download
sra-tools,sra-tools,sra-tools_02,"\""fastq-dump --split-3 -X 1000000 -O fastq/ SRR390728\""","\""Dump only the first 1",000,000 spots of an SRA run to test a pipeline on a subset (fastq/," SRR390728)\""",data-download
sra-tools,sra-tools,sra-tools_03,"\""fastq-dump --split-spot --skip-technical -O fastq/ SRR622461\""","\""Dump individual reads of each spot", skipping technical reads, from a paired-end sequencing run (fastq/," SRR622461)\""",data-download
sra-tools,sra-tools,sra-tools_04,"\""fastq-dump --fasta -O fasta/ ERR194147\""","\""Dump an SRA run in FASTA format without quality scores (fasta/"," ERR194147)\""",data-download
sra-tools,sra-tools,sra-tools_05,"\""prefetch -O sra_cache/ SRR390728\""","\""Download the SRA file for an accession into a local cache directory for later conversion (sra_cache/"," SRR390728)\""",data-download
sra-tools,sra-tools,sra-tools_06,"\""fasterq-dump --split-3 -e 8 -O fastq/ SRR622461\""","\""Rapidly download and convert a paired-end run to FASTQ using 8 threads (fastq/"," SRR622461)\""",data-download
sra-tools,sra-tools,sra-tools_07,"\""fasterq-dump --split-3 -p -e 4 -O fastq/ SRR15859319\""","\""Convert a viral (SARS-CoV-2) run to paired FASTQ with progress reporting using 4 threads (fastq/"," SRR15859319)\""",data-download
sra-tools,sra-tools,sra-tools_08,"\""fasterq-dump --split-3 -f -e 8 -O fastq/ SRR390728\""","\""Regenerate FASTQ files from an SRA accession", overwriting any existing output files (fastq/," SRR390728)\""",data-download
ssh,ssh,ssh_01,login1 'squeue -u wsx',Run the squeue command on the HPC login node to check the user's queued jobs,system-tools
ssh,ssh,ssh_02,-i ~/.ssh/id_hpc login1 'sbatch run_trimming.slurm',Submit a trimming job to the HPC scheduler using a dedicated identity file,system-tools
ssh,ssh,ssh_03,-p 2222 login1 'hostname',Connect to the HPC login node on a non-default SSH port and print the hostname,system-tools
ssh,ssh,ssh_04,-L 8080:localhost:8080 login1,Forward local port 8080 to port 8080 on the remote host for accessing a remote service,system-tools
ssh,ssh,ssh_05,-t login1 'srun --pty bash',Allocate an interactive shell on a compute node via slurm with a pseudo-terminal,system-tools
ssh,ssh,ssh_06,-N -f -L 8787:localhost:8787 login1,Open a background SSH tunnel forwarding port 8787 to the remote host for RStudio Server,system-tools
star,star,star_01,--runMode genomeGenerate --genomeDir GRCh38_star_index --genomeFastaFiles GRCh38.fa --sjdbGTFfile gencode.v44.annotation.gtf --runThreadN 16,Generate a STAR genome index for GRCh38 using GENCODE v44 annotations to build the splice junction database,alignment
star,star,star_02,--runMode alignReads --genomeDir GRCh38_star_index --readFilesIn NA12878_R1.fastq.gz NA12878_R2.fastq.gz --readFilesCommand zcat --outSAMtype BAM SortedByCoordinate --outFileNamePrefix NA12878_ --runThreadN 16,"Align paired-end RNA-seq reads from NA12878 with STAR, decompressing gzipped FASTQs with zcat and outputting a coordinate-sorted BAM",alignment
star,star,star_03,--runMode alignReads --genomeDir GRCh38_star_index --readFilesIn A549_R1.fastq.gz A549_R2.fastq.gz --readFilesCommand zcat --outSAMtype BAM SortedByCoordinate --outFileNamePrefix A549_ --quantMode TranscriptomeSAM GeneCounts --runThreadN 16,Align A549 RNA-seq reads and simultaneously output transcriptome-aligned BAM plus per-gene read counts for downstream quantification,alignment
star,star,star_04,--runMode alignReads --genomeDir GRCh38_star_index --readFilesIn SKBR3_R1.fq.gz SKBR3_R2.fq.gz --readFilesCommand zcat --outSAMtype BAM SortedByCoordinate --outFileNamePrefix SKBR3_ --chimSegmentMin 12 --chimOutType Junctions --runThreadN 16,Align SKBR3 breast cancer RNA-seq reads with chimeric alignment enabled (--chimSegmentMin 12) to detect fusion junctions for fusion-caller input,alignment
star,star,star_05,--runMode alignReads --genomeDir GRCh38_star_index --readFilesIn NA12878_R1.fastq.gz NA12878_R2.fastq.gz --readFilesCommand zcat --outSAMtype BAM SortedByCoordinate --outFileNamePrefix NA12878_2pass_ --twopassMode Basic --runThreadN 16,Run STAR in two-pass mode (--twopassMode Basic) to improve novel splice junction detection in NA12878 RNA-seq,alignment
star,star,star_06,--runMode alignReads --genomeDir GRCh38_star_index --readFilesIn NA12878_R1.fastq.gz NA12878_R2.fastq.gz --readFilesCommand zcat --outSAMtype BAM Unsorted --outFileNamePrefix rsem_NA12878_ --quantMode TranscriptomeSAM --peOverlapNbasesMin 10 --runThreadN 16,"Align NA12878 RNA-seq reads producing an unsorted BAM and transcriptome SAM as RSEM input, merging overlapping read mates via --peOverlapNbasesMin",alignment
strelka2,strelka2,strelka2_01,configureStrelkaGermlineWorkflow.py --bam=NA12878_final.bam --referenceFasta=GRCh38.fa --runDir=strelka_germline,Configure the Strelka2 germline variant calling workflow for NA12878,variant-calling
strelka2,strelka2,strelka2_02,strelka_germline/runWorkflow.py -m local -j 8,Run the configured Strelka2 germline workflow with 8 jobs,variant-calling
strelka2,strelka2,strelka2_03,configureStrelkaSomaticWorkflow.py --normalBam=normal_wes.bam --tumorBam=tumor_wes.bam --referenceFasta=GRCh38.fa --runDir=strelka_somatic,Configure the tumor-normal Strelka2 somatic workflow,variant-calling
strelka2,strelka2,strelka2_04,strelka_somatic/runWorkflow.py -m local -j 16,Run the configured somatic Strelka2 workflow with 16 jobs,variant-calling
strelka2,strelka2,strelka2_05,configureStrelkaGermlineWorkflow.py --bam=NA12878_exome.bam --referenceFasta=GRCh38.fa --exome --runDir=strelka_exome,Configure Strelka2 in exome mode for targeted capture data,variant-calling
stringtie,stringtie,stringtie_01,-o NA12878_transcripts.gtf -p 16 NA12878_sorted.bam,Assemble transcripts de novo from NA12878 RNA-seq alignments with 16 threads,rna-seq
stringtie,stringtie,stringtie_02,-G gencode.v44.annotation.gtf -o NA12878_guided.gtf -p 16 -e -B -A NA12878_gene_abund.tsv NA12878_sorted.bam,Estimate abundances of GENCODE-annotated transcripts only (-e) writing Ballgown input tables (-B) and gene abundance output (-A),rna-seq
stringtie,stringtie,stringtie_03,-G gencode.v44.annotation.gtf -o A549_stringtie.gtf -p 16 --rf A549_sorted.bam,Assemble transcripts from A549 reads assuming a fr-firststrand stranded library for correct strand assignment,rna-seq
stringtie,stringtie,stringtie_04,--merge -G gencode.v44.annotation.gtf -o merged_transcripts.gtf NA12878.gtf A549.gtf K562.gtf,"Merge transcript assemblies from NA12878, A549, and K562 into a unified non-redundant set for cross-sample comparison",rna-seq
stringtie,stringtie,stringtie_05,-o NA12878_longread.gtf -p 16 -L NA12878_nanopore_sorted.bam,Assemble transcripts from Oxford Nanopore long-read alignments of NA12878 using the long-read processing mode,rna-seq
stringtie,stringtie,stringtie_06,-G gencode.v44.annotation.gtf -o tumor_stringtie.gtf -p 16 -A tumor_gene_abund.tsv tumor_sorted.bam,Assemble tumor RNA-seq transcripts guided by GENCODE annotations and report gene abundance estimates to a TSV,rna-seq
survivor,survivor,survivor_01,merge delly_sniffles_manta.list 1000 2 1 1 0 50 NA12878_consensus_sv.vcf,Merge delly, sniffles and manta calls for NA12878 within 1 kb breakpoint distance, requiring support from at least 2 callers,structural-variants
survivor,survivor,survivor_02,merge cohort_caller.list 500 3 1 1 0 100 high_confidence_sv.vcf,Keep only SVs supported by all 3 callers within 500 bp for a high-confidence consensus set,structural-variants
survivor,survivor,survivor_03,merge trio_per_sample.list 1000 1 1 1 0 50 trio_all_svs.vcf,Merge per-sample SV calls into a union set, keeping SVs found by any caller,structural-variants
survivor,survivor,survivor_04,simSV GRCh38.fa sim_parameters.txt 0.01 0.005 simulated_hg38_sv,Simulate SVs and SNPs on GRCh38 with a 1% variant rate for benchmarking,structural-variants
survivor,survivor,survivor_05,eval delly_simulated.vcf simulated_hg38_sv.bed 100 eval_delly_results,Evaluate delly SV calls on simulated data within 100 bp of the true breakpoints,structural-variants
tabix,tabix,tabix_01,bgzip -c NA12878.vcf > NA12878.vcf.gz && tabix -p vcf NA12878.vcf.gz,Compress the NA12878 VCF with bgzip and create a tabix index using the VCF preset,sequence-utilities
tabix,tabix,tabix_02,bgzip -c annotations.gff > annotations.gff.gz && tabix -p gff annotations.gff.gz,Compress GFF annotations with bgzip and create a tabix index using the GFF preset,sequence-utilities
tabix,tabix,tabix_03,NA12878.vcf.gz chr1:1000000-2000000,"Query variants of NA12878 in the chr1:1,000,000-2,000,000 region from the indexed VCF",sequence-utilities
tabix,tabix,tabix_04,-h NA12878.vcf.gz chr1:1000000-2000000,Query the chr1 region of the indexed NA12878 VCF including header lines in the output,sequence-utilities
tabix,tabix,tabix_05,-l NA12878.vcf.gz,List all chromosome names present in the indexed NA12878 VCF,sequence-utilities
tabix,tabix,tabix_06,-R regions.bed NA12878.vcf.gz,Retrieve NA12878 VCF records overlapping the regions listed in the BED file,sequence-utilities
tar,tar,tar_01,-czf NA12878_results.tar.gz NA12878_results/,Create a gzip-compressed archive of the NA12878 results directory,system-tools
tar,tar,tar_02,-xzf NA12878_results.tar.gz -C /data/results/,Extract the NA12878 results archive into the /data/results directory,system-tools
tar,tar,tar_03,-tzf NA12878_results.tar.gz | head -20,List the first 20 members of the NA12878 results archive,system-tools
tar,tar,tar_04,-czf NA12878_clean.tar.gz --exclude='*.bam' --exclude='work/' NA12878_results/,Archive the NA12878 results directory excluding BAM files and work directories,system-tools
tar,tar,tar_05,-czf reads.tar.gz -T fastq_list.txt,Create a gzip archive from the list of FASTQ files in fastq_list.txt,system-tools
tar,tar,tar_06,-xzf results.tar.gz -O genes.gff3,Stream the genes.gff3 member of the archive to standard output without writing it to disk,system-tools
trim_galore,trim_galore,trim_galore_01,"\""--paired --quality 20 --length 36 --gzip -o trimmed/ NA12878_R1.fastq.gz NA12878_R2.fastq.gz\""","\""Trim auto-detected adapters and low-quality ends from paired-end WGS reads", keeping pairs where both mates remain at least 36 bp (trimmed/, NA12878_R1.fastq.gz," NA12878_R2.fastq.gz)\""",preprocessing
trim_galore,trim_galore,trim_galore_02,--paired --rrbs --quality 20 --length 20 --gzip -o rrbs_trimmed/ reference.fastq.gz matrix.fastq.gz,"\""trim RRBS bisulfite sequencing data (reference.fastq.gz"," matrix.fastq.gz)\""",qc
trim_galore,trim_galore,trim_galore_03,--quality 20 --length 36 --gzip -o se_trimmed/ sorted.fastq.gz,trim single-end reads with automatic adapter detection (sorted.fastq.gz),qc
trim_galore,trim_galore,trim_galore_04,--paired --adapter AGATCGGAAGAGCACACGTCT --adapter2 AGATCGGAAGAGCGTCGTGTA --quality 20 --gzip -o custom_trimmed/ trimmed.fastq.gz assembly.fastq.gz,"\""trim with specific adapter sequence for non-standard libraries (trimmed.fastq.gz"," assembly.fastq.gz)\""",qc
trim_galore,trim_galore,trim_galore_05,--paired --quality 20 --length 36 --gzip -o trimmed_output/ mapping.fastq.gz aligned.fastq.gz,"\""In my analysis", I need to trim adapters and quality-filter paired-end Illumina reads (mapping.fastq.gz," aligned.fastq.gz)\""",qc
trim_galore,trim_galore,trim_galore_06,--paired --rrbs --quality 20 --length 20 --gzip -o rrbs_trimmed/ annotated.fastq.gz matrix.fastq.gz,"\""How can I trim RRBS bisulfite sequencing data? (annotated.fastq.gz"," matrix.fastq.gz)\""",qc
trim_galore,trim_galore,trim_galore_07,--quality 20 --length 36 --gzip -o se_trimmed/ genome.fastq.gz,I need to trim single-end reads with automatic adapter detection (genome.fastq.gz),qc
trim_galore,trim_galore,trim_galore_08,--paired --adapter AGATCGGAAGAGCACACGTCT --adapter2 AGATCGGAAGAGCGTCGTGTA --quality 20 --gzip -o custom_trimmed/ trimmed.fastq.gz analysis.fastq.gz,"\""My goal is to trim with specific adapter sequence for non-standard libraries (trimmed.fastq.gz"," analysis.fastq.gz)\""",qc
trim_galore,trim_galore,trim_galore_09,--paired --quality 20 --length 36 --gzip -o trimmed_output/ mapping.fastq.gz processed.fastq.gz,"\""I want the result of trim adapters and quality-filter paired-end Illumina reads (mapping.fastq.gz"," processed.fastq.gz)\""",qc
trim_galore,trim_galore,trim_galore_10,--paired --rrbs --quality 20 --length 20 --gzip -o rrbs_trimmed/ reads.fastq.gz annotated.fastq.gz,"\""In my analysis", I need to trim RRBS bisulfite sequencing data (reads.fastq.gz," annotated.fastq.gz)\""",qc
trimmomatic,trimmomatic,trimmomatic_01,PE -threads 8 -phred33 report.fastq.gz sorted.fastq.gz reference.fastq.gz variants.fastq.gz analysis.fastq.gz merged.fastq.gz ILLUMINACLIP:raw.fa:2:30:10 LEADING:3 TRAILING:3 SLIDINGWINDOW:4:15 MINLEN:36,"\""trim adapters and quality-filter paired-end Illumina reads (report.fastq.gz", sorted.fastq.gz, reference.fastq.gz, variants.fastq.gz, analysis.fastq.gz, merged.fastq.gz," raw.fa)\""",qc
trimmomatic,trimmomatic,trimmomatic_02,SE -threads 4 -phred33 variants.fastq.gz sample.fastq.gz ILLUMINACLIP:filtered.fa:2:30:10 LEADING:3 TRAILING:3 SLIDINGWINDOW:4:15 MINLEN:36,"\""trim single-end reads with quality filtering (variants.fastq.gz", sample.fastq.gz," filtered.fa)\""",qc
trimmomatic,trimmomatic,trimmomatic_03,PE -threads 8 -phred33 aligned.fastq.gz mapping.fastq.gz trimmed.fastq.gz reads.fastq.gz filtered.fastq.gz merged.fastq.gz ILLUMINACLIP:counts.fa:2:30:10:8:true LEADING:3 TRAILING:3 SLIDINGWINDOW:4:15 MINLEN:36,"\""trim Nextera adapters from paired-end reads (aligned.fastq.gz", mapping.fastq.gz, trimmed.fastq.gz, reads.fastq.gz, filtered.fastq.gz, merged.fastq.gz," counts.fa)\""",qc
trimmomatic,trimmomatic,trimmomatic_04,PE -threads 8 -phred33 matrix.fastq.gz report.fastq.gz results.fastq.gz reference.fastq.gz genome.fastq.gz variants.fastq.gz ILLUMINACLIP:merged.fa:2:30:10 LEADING:5 TRAILING:5 SLIDINGWINDOW:4:20 MINLEN:50,"\""aggressive quality trimming for low-quality paired-end data (matrix.fastq.gz", report.fastq.gz, results.fastq.gz, reference.fastq.gz, genome.fastq.gz, variants.fastq.gz," merged.fa)\""",qc
trimmomatic,trimmomatic,trimmomatic_05,PE -threads 8 -phred33 genome.fastq.gz sorted.fastq.gz merged.fastq.gz results.fastq.gz aligned.fastq.gz report.fastq.gz ILLUMINACLIP:sorted.fa:2:30:10 LEADING:3 TRAILING:3 SLIDINGWINDOW:4:15 MINLEN:36,"\""In my analysis", I need to trim adapters and quality-filter paired-end Illumina reads (genome.fastq.gz, sorted.fastq.gz, merged.fastq.gz, results.fastq.gz, aligned.fastq.gz, report.fastq.gz," sorted.fa)\""",qc
trimmomatic,trimmomatic,trimmomatic_06,SE -threads 4 -phred33 analysis.fastq.gz trimmed.fastq.gz ILLUMINACLIP:filtered.fa:2:30:10 LEADING:3 TRAILING:3 SLIDINGWINDOW:4:15 MINLEN:36,"\""How can I trim single-end reads with quality filtering? (analysis.fastq.gz", trimmed.fastq.gz," filtered.fa)\""",qc
trimmomatic,trimmomatic,trimmomatic_07,PE -threads 8 -phred33 sample.fastq.gz analysis.fastq.gz trimmed.fastq.gz matrix.fastq.gz filtered.fastq.gz aligned.fastq.gz ILLUMINACLIP:aligned.fa:2:30:10:8:true LEADING:3 TRAILING:3 SLIDINGWINDOW:4:15 MINLEN:36,"\""I need to trim Nextera adapters from paired-end reads (sample.fastq.gz", analysis.fastq.gz, trimmed.fastq.gz, matrix.fastq.gz, filtered.fastq.gz, aligned.fastq.gz," aligned.fa)\""",qc
trimmomatic,trimmomatic,trimmomatic_08,PE -threads 8 -phred33 matrix.fastq.gz report.fastq.gz variants.fastq.gz merged.fastq.gz genome.fastq.gz counts.fastq.gz ILLUMINACLIP:report.fa:2:30:10 LEADING:5 TRAILING:5 SLIDINGWINDOW:4:20 MINLEN:50,"\""My goal is to aggressive quality trimming for low-quality paired-end data (matrix.fastq.gz", report.fastq.gz, variants.fastq.gz, merged.fastq.gz, genome.fastq.gz, counts.fastq.gz," report.fa)\""",qc
trimmomatic,trimmomatic,trimmomatic_09,PE -threads 8 -phred33 genome.fastq.gz matrix.fastq.gz results.fastq.gz analysis.fastq.gz processed.fastq.gz annotated.fastq.gz ILLUMINACLIP:matrix.fa:2:30:10 LEADING:3 TRAILING:3 SLIDINGWINDOW:4:15 MINLEN:36,"\""I want the result of trim adapters and quality-filter paired-end Illumina reads (genome.fastq.gz", matrix.fastq.gz, results.fastq.gz, analysis.fastq.gz, processed.fastq.gz, annotated.fastq.gz," matrix.fa)\""",qc
trimmomatic,trimmomatic,trimmomatic_10,SE -threads 4 -phred33 reference.fastq.gz raw.fastq.gz ILLUMINACLIP:merged.fa:2:30:10 LEADING:3 TRAILING:3 SLIDINGWINDOW:4:15 MINLEN:36,"\""In my analysis", I need to trim single-end reads with quality filtering (reference.fastq.gz, raw.fastq.gz," merged.fa)\""",qc
trinity,trinity,trinity_01,--seqType fq --max_memory 100G --left dandelion_flower_R1.fq.gz --right dandelion_flower_R2.fq.gz --CPU 16 --output trinity_dandelion_flower_out,De novo assemble the flower transcriptome of the non-model plant Taraxacum officinale (common dandelion) from paired-end RNA-seq reads for gene discovery without a reference genome,rna-seq
trinity,trinity,trinity_02,--seqType fq --max_memory 50G --left staghorn_coral_R1.fq.gz --right staghorn_coral_R2.fq.gz --SS_lib_type RF --CPU 8 --output trinity_staghorn_coral_out,Assemble a strand-specific de novo transcriptome of the staghorn coral Acropora millepora from dUTP-based paired-end RNA-seq (RF orientation) to study heat-stress response genes,rna-seq
trinity,trinity,trinity_03,--seqType fq --max_memory 20G --single aspergillus_reads.fq.gz --CPU 8 --output trinity_aspergillus_out,De novo assemble the transcriptome of the filamentous fungus Aspergillus niger from single-end RNA-seq reads to recover gene models for metabolic pathway analysis,rna-seq
trinity,trinity,trinity_04,--genome_guided_bam rice_rnaseq.csorted.bam --genome_guided_max_intron 10000 --max_memory 30G --CPU 8 --output trinity_rice_gg_out,Reconstruct transcripts of Oryza sativa (rice) using genome-guided Trinity from a coordinate-sorted RNA-seq BAM with a 10 kb maximum intron length for isoform discovery,rna-seq
trinity,trinity,trinity_05,--seqType fq --max_memory 64G --samples_file samples.txt --CPU 16 --output trinity_maize_hybrid_out,Assemble the transcriptome of a maize hybrid from multiple paired-end RNA-seq libraries of biological replicates specified in a tab-delimited samples file for a comparative expression study,rna-seq
trinity,trinity,trinity_06,--seqType fq --max_memory 40G --left heat_stress_R1.fq.gz --right heat_stress_R2.fq.gz --CPU 8 --min_contig_length 300 --full_cleanup --output trinity_heat_stress_out,Assemble the heat-stressed wheat transcriptome from paired-end reads retaining contigs of at least 300 bp and cleaning up intermediate files to keep only the final Trinity fasta,rna-seq
trinity,trinity,trinity_07,--seqType fq --max_memory 30G --left zebrafish_larvae_R1.fq.gz --right zebrafish_larvae_R2.fq.gz --CPU 12 --trimmomatic --output trinity_zebrafish_out,De novo assemble the zebrafish larval transcriptome from paired-end reads with built-in Trimmomatic quality trimming before assembly for developmental gene discovery,rna-seq
truvari,truvari,truvari_01,bench -b HG002_sv_truth.vcf.gz -c HG002_ont_sniffles.vcf.gz -f GRCh38.fa -o bench_sniffles --sizemin 50,Benchmark Sniffles2 SV calls against the HG002 truth set,structural-variants
truvari,truvari,truvari_02,bench -b HG002_sv_truth.vcf.gz -c HG002_delly_sv.vcf.gz -f GRCh38.fa -o bench_delly --refdist 500 --pctseq 0.8 --pctsize 0.7,Benchmark delly calls allowing 500 bp breakpoint distance and 80% sequence similarity,structural-variants
truvari,truvari,truvari_03,bench -b HG002_sv_truth.vcf.gz -c HG002_manta_sv.vcf.gz -f GRCh38.fa -o bench_manta --passonly --sizemin 100 --sizemax 100000,Benchmark only PASS-filtered Manta calls between 100 bp and 100 kb,structural-variants
truvari,truvari,truvari_04,bench -b HG002_sv_truth.vcf.gz -c HG002_combined_sv.vcf.gz -f GRCh38.fa -o bench_coding --includebed hg38_coding_regions.bed,Benchmark calls restricted to coding regions of interest,structural-variants
truvari,truvari,truvari_05,refine -f GRCh38.fa -o HG002_refined bench_sniffles,Refine the truvari bench result with phab variant harmonization,structural-variants
truvari,truvari,truvari_06,collapse -i HG002_combined_sv.vcf.gz -f GRCh38.fa -o HG002_collapsed.vcf.gz -c HG002_removed_sv.vcf.gz --refdist 100,Collapse redundant SV entries within a caller into a non-redundant VCF,structural-variants
varscan2,varscan2,varscan2_01,mpileup2snp NA12878.mpileup --min-coverage 8 --min-var-freq 0.2 --p-value 0.05 --output-vcf 1 > NA12878_varscan_snps.vcf,Call SNPs from a samtools mpileup file requiring 8x coverage and 20% variant frequency,variant-calling
varscan2,varscan2,varscan2_02,mpileup2indel NA12878.mpileup --min-coverage 8 --min-var-freq 0.1 --p-value 0.1 --output-vcf 1 > NA12878_varscan_indels.vcf,Call indels allowing a lower 10% variant frequency threshold,variant-calling
varscan2,varscan2,varscan2_03,somatic normal_wes.mpileup tumor_wes.mpileup tumor_vs_normal --min-coverage 8 --min-var-freq 0.1 --somatic-p-value 0.05 --output-vcf 1,Call somatic mutations from a tumor-normal mpileup pair,variant-calling
varscan2,varscan2,varscan2_04,processSomatic tumor_vs_normal.snp.vcf --min-tumor-freq 0.1 --max-normal-freq 0.05,Classify somatic calls as germline, somatic or LOH variants,variant-calling
varscan2,varscan2,varscan2_05,copynumber tumor_wes.copynumber normal_wes.copynumber tumor_normal_cnv --data-ratio 0.5 --min-segment-size 50,Call copy number segments from tumor-normal read-depth ratios,variant-calling
vcfanno,vcfanno,vcfanno_01,-p 8 annotation_config.toml NA12878.vcf.gz > NA12878.ann.vcf,"\""Annotate NA12878 variants with gnomAD allele frequencies and ClinVar annotations using 8 parallel processes\""",annotation
vcfanno,vcfanno,vcfanno_02,-base-path /data/annotation_db annotation_config.toml NA12878.vcf.gz,"\""Annotate variants resolving annotation file paths relative to the shared /data/annotation_db directory\""",annotation
vcfanno,vcfanno,vcfanno_03,-permissive-overlap annotation_config.toml NA12878.vcf.gz,"\""Annotate variants allowing overlap with annotation intervals even when REF/ALT alleles do not match exactly\""",annotation
vcfanno,vcfanno,vcfanno_04,-lua custom_ops.lua annotation_config.toml NA12878.vcf.gz,"\""Annotate variants using custom Lua functions to combine multiple annotation fields into a final score\""",annotation
vcfanno,vcfanno,vcfanno_05,-ends annotation_config.toml NA12878.vcf.gz,"\""Annotate variant intervals including flagging whether the variant falls at the start or end of annotation intervals\""",annotation
vcfanno,vcfanno,vcfanno_06,"\""annotation_config.toml NA12878.vcf.gz > NA12878.ann.vcf\""","\""Annotate NA12878 variants by adding population frequency and functional annotation fields to the VCF INFO column\""",annotation
vcfanno,vcfanno,vcfanno_07,-p 4 -base-path /data/annotation_db annotation_config.toml NA12878.vcf.gz > NA12878.ann.vcf,"\""Annotate variants in parallel using the shared annotation directory layout defined in the TOML config\""",annotation
vcfanno,vcfanno,vcfanno_08,matrix.toml sorted.vcf.gz,"\""My goal is to annotate variants with ClinVar pathogenicity and a custom BED file (matrix.toml"," sorted.vcf.gz)\""",variant-annotation
vcfanno,vcfanno,vcfanno_09,reference.toml processed.vcf.gz,"\""I want the result of add a flag for variants overlapping a BED region of interest (reference.toml"," processed.vcf.gz)\""",variant-annotation
vcfanno,vcfanno,vcfanno_10,raw.toml reference.vcf.gz,"\""In my analysis", I need to compute mean coverage at each variant position from a BAM file (raw.toml," reference.vcf.gz)\""",variant-annotation
vcftools,vcftools,vcftools_01,--gzvcf NA12878.vcf.gz --maf 0.05 --max-missing 0.9 --recode --recode-INFO-all --out NA12878_filtered,"\""Filter NA12878 variants to those with MAF at least 0.05 and at most 10% missing genotypes"," writing a new VCF\""",population-genomics
vcftools,vcftools,vcftools_02,--gzvcf cohort.vcf.gz --remove-indels --min-alleles 2 --max-alleles 2 --minDP 10 --recode --recode-INFO-all --out biallelic_snps,"\""Extract biallelic SNPs with minimum depth 10 from the cohort VCF for downstream population analysis\""",population-genomics
vcftools,vcftools,vcftools_03,--vcf popgenotypes.vcf --site-pi --TajimaD 10000 --out diversity_stats,"\""Calculate per-site nucleotide diversity and Tajima's D in 10 kb windows for neutrality testing\""",population-genomics
vcftools,vcftools,vcftools_04,--vcf popgenotypes.vcf --weir-fst-pop pop1_samples.txt --weir-fst-pop pop2_samples.txt --out fst_pop1_pop2,"\""Compute pairwise Weir and Cockerham FST between two populations defined by sample lists\""",population-genomics
vcftools,vcftools,vcftools_05,--vcf popgenotypes.vcf --het --hardy --out hwe_heterozygosity,"\""Estimate per-sample heterozygosity and per-site Hardy-Weinberg equilibrium statistics\""",population-genomics
vcftools,vcftools,vcftools_06,--vcf popgenotypes.vcf --freq --out allele_frequencies,"\""Calculate allele frequencies for every polymorphic site in the population dataset\""",population-genomics
vcftools,vcftools,vcftools_07,--gzvcf cohort.vcf.gz --keep samples_keep.txt --min-meanDP 5 --max-meanDP 100 --recode --recode-INFO-all --out cohort_subset,"\""Subset the cohort to a curated sample list and retain sites with mean depth between 5 and 100\""",population-genomics
vcftools,vcftools,vcftools_08,--vcf popgenotypes.vcf --window-pi 50000 10000 --out pi_windows,"\""Compute nucleotide diversity in sliding 50 kb windows with 10 kb steps across the genome\""",population-genomics
vep,vep,vep_01,--cache --dir_cache /data/ensembl-vep --input_file NA12878.vcf --output_file NA12878.vep.vcf --species homo_sapiens --assembly GRCh38 --everything --fork 4,"\""Annotate NA12878 variants with VEP using the local Ensembl cache for GRCh38 and all standard functional consequence flags\""",annotation
vep,vep,vep_02,--cache --dir_cache /data/ensembl-vep --input_file NA12878.vcf --output_file NA12878.vep.vcf --species homo_sapiens --assembly GRCh38 --pick --sift b --polyphen b --hgvs,"\""Annotate variants and pick one representative consequence per variant", adding SIFT," PolyPhen and HGVS notation\""",annotation
vep,vep,vep_03,--database --input_file NA12878.vcf --output_file NA12878.vep.vcf --species homo_sapiens --assembly GRCh38 --everything --buffer_size 5000,"\""Annotate variants in online mode against the Ensembl API with a larger internal buffer for throughput\""",annotation
vep,vep,vep_04,--cache --dir_cache /data/ensembl-vep --fasta /data/reference/GRCh38.fa --input_file NA12878.vcf --output_file NA12878.vep.vcf --species homo_sapiens --assembly GRCh38 --everything,"\""Annotate variants providing the GRCh38 reference FASTA so VEP can report allele-specific consequences\""",annotation
vep,vep,vep_05,--cache --dir_cache /data/ensembl-vep --input_file NA12878.vcf --output_file NA12878.vep.vcf --species homo_sapiens --assembly GRCh38 --pick --symbol --canonical --biotype,"\""Annotate variants reporting gene symbols"," canonical transcript status and biotype in the picked consequence\""",annotation
vep,vep,vep_06,--cache --dir_cache /data/ensembl-vep --input_file mouse_snps.vcf --output_file mouse_snps.vep.vcf --species mus_musculus --assembly GRCm39 --everything,"\""Annotate mouse (GRCm39) variants with the full VEP consequence set using the Mus_musculus cache\""",annotation
vep,vep,vep_07,--offline --dir_cache /data/ensembl-vep --input_file NA12878.vcf --output_file NA12878.vep.vcf --species homo_sapiens --assembly GRCh38 --everything --force_overwrite,"\""Annotate variants in fully offline mode"," overwriting an existing output file from a previous run\""",annotation
vep,vep,vep_08,--cache --dir_cache /data/ensembl-vep --input_file NA12878.vcf --output_file NA12878.vep.vcf --species homo_sapiens --assembly GRCh38 --everything --af_gnomad --max_af 0.01 --filter_common,"\""Annotate variants with gnomAD allele frequencies and filter out variants common in the population (AF > 1%)\""",annotation
verkko,verkko,verkko_01,verkko -d HG002_verkko --hifi HG002_hifi.fastq.gz --nano HG002_ont.fastq.gz --local-cpus 64,Assemble the human HG002 genome with HiFi and Oxford Nanopore reads for telomere-to-telomere quality,assembly
verkko,verkko,verkko_02,verkko -d ecoli_verkko --hifi ecoli_hifi.fastq.gz --no-nano --local-cpus 32,Assemble the E. coli genome from PacBio HiFi reads only,assembly
verkko,verkko,verkko_03,verkko -d HG002_verkko --hifi HG002_hifi.fastq.gz --nano HG002_ont.fastq.gz --hic1 hic_R1.fq.gz --hic2 hic_R2.fq.gz --local-cpus 64,Assemble and phase the HG002 genome with HiFi ONT and Hi-C reads,assembly
verkko,verkko,verkko_04,verkko -d HG002_verkko --hifi HG002_hifi.fastq.gz --nano HG002_ont.fastq.gz --hap-kmers HG002_pat.meryl HG002_mat.meryl trio --local-cpus 64,Perform trio-phased assembly of HG002 using parental Meryl k-mer databases,assembly
verkko,verkko,verkko_05,verkko -d CHM13_verkko --hifi CHM13_hifi.fastq.gz --nano CHM13_ont.fastq.gz --no-correction --local-cpus 64 --local-memory 128,Assemble the CHM13 genome skipping HiFi read correction with a 128 GB memory limit,assembly
verkko,verkko,verkko_06,verkko -d CHM13_verkko --hifi CHM13_hifi.fastq.gz --nano CHM13_ont.fastq.gz --no-rdna-tangle --local-cpus 64,Assemble the CHM13 genome disabling the rDNA tangle resolution step,assembly
wget,wget,wget_01,-c -O GRCh38.fa.gz https://ftp.ensembl.org/pub/release-110/fasta/homo_sapiens/dna/Homo_sapiens.GRCh38.dna.primary_assembly.fa.gz,"Download the GRCh38 primary assembly FASTA, resuming if the file is partially present",data-download
wget,wget,wget_02,-q -np -r -l 1 -A '*.fastq.gz' https://example.org/raw_reads/NA12878/,Recursively download only gzipped FASTQ files from the NA12878 read directory without ascending to parent links,data-download
wget,wget,wget_03,--limit-rate=5M -c -O NA12878_R1.fastq.gz https://ftp.sra.ebi.ac.uk/vol1/fastq/ERR194/ERR194147/ERR194147_1.fastq.gz,Download the NA12878 FASTQ at a rate limit of 5 MB/s with resume support,data-download
wget,wget,wget_04,-m -np -nH -P ./mirror https://example.org/data/,Mirror the example data site into ./mirror without creating host directories or ascending to the parent,data-download
wget,wget,wget_05,-i urls.txt -c -t 3,Download all URLs listed in urls.txt with resume support and up to 3 retries per file,data-download
wget,wget,wget_06,-N -c -O Homo_sapiens.GRCh38.110.gff3.gz https://ftp.ensembl.org/pub/release-110/gff3/homo_sapiens/Homo_sapiens.GRCh38.110.gff3.gz,Update the GRCh38 GFF3 annotation only if the remote file is newer than the local copy,data-download
whatshap,whatshap,whatshap_01,phase --reference GRCh38.fa --output NA12878_phased.vcf.gz NA12878_unphased.vcf.gz NA12878_final.bam,Phase NA12878 variants using read-based phasing with WhatsHap,variant-calling
whatshap,whatshap,whatshap_02,phase --reference GRCh38.fa --tag HP --output HG002_phased.vcf.gz HG002_variants.vcf.gz HG002_final.bam,Phase HG002 variants and store haplotypes in the HP tag,variant-calling
whatshap,whatshap,whatshap_03,phase --reference GRCh38.fa --output trio_phased.vcf.gz trio_combined.vcf.gz NA12878_final.bam NA12891_final.bam NA12892_final.bam,Phase all three CEPH trio samples in a single run,variant-calling
whatshap,whatshap,whatshap_04,stats NA12878_phased.vcf.gz --tsv NA12878_phasing_stats.tsv,Compute phasing statistics such as N50 block length for the phased VCF,variant-calling
whatshap,whatshap,whatshap_05,haplotag --reference GRCh38.fa --output NA12878_haplotagged.bam NA12878_phased.vcf.gz NA12878_final.bam,Tag reads by haplotype assignment and write a haplotagged BAM,variant-calling
whatshap,whatshap,whatshap_06,phase --reference GRCh38.fa --algorithm heuristic --output NA12878_heuristic_phased.vcf.gz NA12878_unphased.vcf.gz NA12878_final.bam,Phase with the faster heuristic algorithm for large chromosomes,variant-calling
wtdbg2,wtdbg2,wtdbg2_01,wtdbg2 -x sq -g 5m -i ecoli_pb.fa -o ecoli_wtdbg -t 16,Assemble the E. coli K12 genome from PacBio Sequel reads using the Sequel preset,assembly
wtdbg2,wtdbg2,wtdbg2_02,wtdbg2 -x ont -g 3g -i HG002_ont.fa -o HG002_wtdbg -t 64,Assemble the human HG002 genome from Oxford Nanopore reads,assembly
wtdbg2,wtdbg2,wtdbg2_03,wtdbg2 -x ccs -g 5m -i ecoli_ccs.fa -o ecoli_ccs_wtdbg -t 16,Assemble the E. coli genome from PacBio CCS reads using the corrected-read preset,assembly
wtdbg2,wtdbg2,wtdbg2_04,wtdbg2 -x ont -g 135m -i ath_ont.fa -o ath_wtdbg -t 32 -L 5000,Assemble the A. thaliana genome from Oxford Nanopore reads keeping only reads longer than 5 kb,assembly
wtdbg2,wtdbg2,wtdbg2_05,wtdbg2 -x ont -g 3g -i HG002_ont.fa -o HG002_wtdbg -t 64 -X 50,Assemble the human HG002 genome from nanopore reads retaining 50x genome coverage,assembly
wtdbg2,wtdbg2,wtdbg2_06,wtpoa-cns -t 16 -i ecoli_wtdbg.ctg.lay.gz -o ecoli_wtdbg.ctg.fa,Generate consensus sequences from the wtdbg2 layout file for the E. coli assembly,assembly
